"","Group","UUID","Binomial","BodySize","TrophicLevel","LifeSpan"
"1","birds","3ff48350-6185-46a1-920e-e4373fae33e2","Aegolius_acadicus",0.495274795416754,3,NA
"2","birds","a6b1e020-9933-4b16-93f8-34666c2ff483","Anas_acuta",0.735686429563338,1,NA
"3","birds","4b24f7fb-125e-4b31-b34b-ad02ca657e9e","Anas_crecca",0.626549488577472,1,NA
"4","birds","c24195ff-19ff-4048-8e50-bece1151b7c3","Anas_platyrhynchos",0.723517560765737,2,NA
"5","birds","4c17a8ca-d2ba-487e-9798-332152115af3","Ardenna_grisea",NA,NA,NA
"6","birds","5247bfaf-92c0-4130-a212-f8d116fe422b","Athene_cunicularia",0.538513956616444,3,NA
"7","birds","e79de6f3-2aa9-40cc-bf33-10e46b767940","Aythya_americana",0.749639771918428,1,NA
"8","birds","a03e66ad-91e8-4a2c-8208-a09c85676be8","Aythya_valisineria",0.761562385130537,1,NA
"9","birds","6a16d7da-bce1-4a5b-a625-250fd9339b44","Lagopus_lagopus",0.680846964293903,1,NA
"10","birds","d9ff845d-7095-4c71-8b90-9e57b87bba23","Calidris_mauri",0.357143563750926,3,NA
"11","birds","0a5e2e7f-8b9f-4a22-8750-a66f90242f11","Aechmophorus_occidentalis",0.755587618858932,3,NA
"12","birds","970bb409-94ca-4f15-9a09-457bbe41078a","Bubo_scandiacus",0.817772923267846,3,NA
"13","birds","3a95e2c0-56d3-4bd8-8de5-f5b24add5f1a","Buteo_lagopus",0.736269176006303,3,NA
"14","birds","3358a447-62c9-4b48-9a3f-279cb1f65935","Sterna_dougallii",0.50670641942978,3,NA
"15","birds","43a0490d-bafe-4784-b694-22c5dc6088b0","Calidris_ptilocnemis",0.472331035073782,3,NA
"16","birds","ef7e742d-2223-4231-9507-1646e2bdcad8","Fulmarus_glacialis",0.689064435207471,3,NA
"17","birds","c0e56b7e-f72c-4b7f-b095-8ae28eb39f8a","Asio_otus",0.611278408024093,3,NA
"18","birds","8b256739-1a44-425a-a3ff-3edf7f5069f7","Hydrobates_leucorhous",NA,NA,NA
"19","birds","7830fcf9-8c0e-4299-9d21-fd106440772b","Calcarius_lapponicus",0.357220737457398,2,NA
"20","birds","fb6f9583-6afa-43f7-85d3-6dcd1f37bd50","Anser_albifrons",0.840476587368238,1,NA
"21","birds","d5cdd196-45a9-47da-b093-3059a645c124","Branta_hutchinsii",0.852819533294786,1,NA
"22","birds","010e0e64-c016-47d0-be20-ca35f8913917","Arenaria_melanocephala",0.519533640467456,3,NA
"23","birds","5604064a-8e6a-46d4-bfe2-ac6c9b8219d6","Haematopus_ater",0.707122362458468,3,NA
"24","birds","40cac0b1-9488-414d-83aa-5c176fddb5da","Troglodytes_pacificus",NA,NA,NA
"25","birds","35b5db0a-178c-4bcd-b8b6-2e53801a6aec","Dendragapus_fuliginosus",0.746768523195833,1,NA
"26","birds","e963917c-4728-4c14-bb13-67a9adb37a51","Tringa_incana",0.503039373141541,3,NA
"27","birds","c2b87b7e-2faa-48bf-9669-3369a76d18c6","Leucosticte_tephrocotis",0.390063532885495,1,NA
"28","birds","91ccd22a-37c8-4884-9945-155f3b663c7f","Anthus_rubescens",0.325293791827608,3,NA
"29","birds","142db721-8138-4cd3-9cf2-537ce3be1542","Falco_peregrinus",0.712326480709162,3,NA
"30","birds","67085ba3-1f41-4608-966e-dd6555ea75bd","Haemorhous_purpureus",0.338103615703323,1,NA
"31","birds","981a9394-42dd-4c19-9c31-0963cc5f7b1b","Zonotrichia_atricapilla",0.372142138292422,1,NA
"32","birds","5c4ea64c-b792-4982-be2a-dddcfbdf8fc2","Calcarius_pictus",0.352569848950769,2,NA
"33","birds","f50e443d-06ea-4e82-ba92-4b3775c59501","Zonotrichia_leucophrys",0.357836138613976,1,NA
"34","birds","4f42137d-a949-484b-92fb-e297adc16496","Zonotrichia_albicollis",0.343057363091789,1,NA
"35","birds","2eead9fb-1256-4a09-b8c6-e307fa9e29fb","Vermivora_cyanoptera",NA,NA,NA
"36","birds","699742a1-7e87-4b14-861e-8c333eb199eb","Tringa_melanoleuca",0.546170277244175,3,NA
"37","birds","3d2a4850-775a-47a8-8069-83b1b2f89ee3","Thryothorus_ludovicianus",0.315968764261546,3,NA
"38","birds","4def6c29-65bb-4a52-92a1-8c4900132e2a","Sialia_mexicana",0.351680006354675,3,NA
"39","birds","cb662f9b-9130-4b65-9297-aa1b82ef5e69","Setophaga_palmarum",0.250442421410498,3,NA
"40","birds","dea53744-84be-4aa3-bc0c-99551f8f953d","Rissa_tridactyla",0.647615870576024,2,NA
"41","birds","abbd31b5-3ba3-4b65-a176-7b1a80bab890","Podiceps_grisegena",0.744246482519198,2,NA
"42","birds","88849289-e6b7-47b2-b8f4-e80646c197f6","Podiceps_auritus",0.656768579383324,3,NA
"43","birds","3ed54341-31b9-4be6-90a4-59928a1dac25","Pinicola_enucleator",0.433035604013139,1,NA
"44","birds","4a1e4efa-049b-48ee-9d12-a93ce8c65de9","Morus_bassanus",0.859736346684587,3,NA
"45","birds","c53e79c5-6ee3-47a7-9ea4-c1b1a082ef58","Mergus_serrator",0.74342138355818,3,NA
"46","birds","38b14a98-e11e-4c09-a8a6-395a3c241f09","Limnodromus_griseus",0.505287631024578,3,NA
"47","birds","1b9f9501-8e78-4a1e-96db-682eb6c7adfb","Ixobrychus_exilis",0.478701429787778,3,NA
"48","birds","0e648a37-6797-4001-af1b-bd23ad254885","Gavia_stellata",0.784339331152818,3,NA
"49","birds","26215d71-f128-4e58-8ac3-ca411eb280ab","Falco_mexicanus",0.705488809721043,3,NA
"50","birds","173dadb5-8b7c-4e01-b886-746488f7b7b9","Falco_columbarius",0.562612107054147,3,NA
"51","birds","43c18d0d-109a-4fb8-a916-8b520ec3edd9","Euphagus_carolinus",0.438907851524338,3,NA
"52","birds","d6b0df43-0932-4c80-810c-0fb1f566c01d","Cygnus_buccinator",1,1,NA
"53","birds","c065d036-2a5e-4a6c-b8ce-9350e897b5a7","Corvus_caurinus",0.573183311622417,3,NA
"54","birds","3b2baa87-0a88-4d39-bca2-06c9c68d1ea1","Cepphus_grylle",0.63733171705339,3,NA
"55","birds","056d7c6a-83b8-452f-834e-02fcedf860bf","Calidris_minutilla",0.33615022155143,3,NA
"56","birds","5d34a098-4279-4b65-9f6f-49df54dce398","Bombycilla_garrulus",0.429178126853599,2,NA
"57","birds","2675341c-45a1-485a-a0ec-5f8b2f953e9a","Aythya_collaris",0.704197984213497,1,NA
"58","birds","703241cb-f1cb-4af9-acfc-aaf31b4d4265","Aythya_affinis",0.720421408110318,1,NA
"59","birds","f23cc5e9-7151-46d9-bc98-4af8e5302b1b","Ardea_alba",0.72701362921682,3,NA
"60","birds","2cb082b7-5de1-464e-910c-0980b00ec869","Archilochus_alexandri",0.131101516621042,1,NA
"61","birds","669a7d47-dfc1-433f-9f34-5e2cc75ba36b","Anas_rubripes",0.76498786927318,1,NA
"62","birds","ed06edca-8e9b-4324-9696-d2f6e988cb5e","Troglodytes_troglodytes",0.244439178210284,3,NA
"63","birds","c41a18be-ec8e-41c8-8d51-64c00cebb799","Glaucidium_californicum",NA,NA,NA
"64","birds","71f887f7-d64b-4c2a-b6d9-7cf7d6907702","Gallinula_galeata",NA,NA,NA
"65","birds","4e31a009-19b8-41a6-9b72-4beed4b91aa4","Catharus_bicknelli",0.357027699102461,3,NA
"66","birds","aabc5dc0-134a-4401-9ee4-7ef19197d293","Zenaida_macroura",0.513153540766489,1,NA
"67","birds","a625e8b5-ad37-45b0-a07d-c0e4768052c5","Xanthocephalus_xanthocephalus",0.444372821527941,3,NA
"68","birds","c9181d97-106e-4408-a1c7-8ad49dbdeac2","Cardellina_pusilla",0.208350456641594,3,NA
"69","birds","efd593ac-359c-45b2-9962-c91fb4cc2327","Cardellina_canadensis",0.247696876186045,3,NA
"70","birds","7b18ede7-3794-4657-8457-ba5e846c5db3","Vireo_philadelphicus",0.262276828935045,3,NA
"71","birds","194f2372-014d-40a6-a211-3272c45936c6","Vireo_olivaceus",0.298142510477428,3,NA
"72","birds","3117799d-8f52-42ef-b956-5774ac134517","Vireo_gilvus",0.272681571105047,3,NA
"73","birds","90fa2e40-25d8-4f70-8488-40bbc658d01a","Vireo_flavifrons",0.310388952972779,3,NA
"74","birds","6a8b7c6d-f8eb-4de9-99ed-d1c52f4741d2","Vireo_cassinii",0.288640437710888,3,NA
"75","birds","e11e5609-7e31-452f-a63a-03acf834b880","Leiothlypis_ruficapilla",0.224506782256991,3,NA
"76","birds","1b9f0881-aaf1-4589-8f23-8889b7adc663","Leiothlypis_peregrina",0.234753943010233,3,NA
"77","birds","f34fa180-3280-4620-ab6c-3ff97755bb8c","Leiothlypis_celata",0.238197277281211,3,NA
"78","birds","691dafc4-19fa-465d-977f-7bb089576d81","Tyrannus_verticalis",0.395059187477589,3,NA
"79","birds","32898eb0-3325-4db2-ade8-dcf0c4fcd25c","Tympanuchus_phasianellus",0.728366925202781,1,NA
"80","birds","5308bc47-4bcd-439d-8759-4c05d75707c7","Tringa_semipalmata",NA,NA,NA
"81","birds","572a6827-26e4-48ad-859e-082182a5a148","Tringa_flavipes",0.467164201324048,3,NA
"82","birds","2579503b-2e29-4767-8459-eb93db3f5ded","Thryomanes_bewickii",0.246188906661785,3,NA
"83","birds","3ab9892d-3cf1-48f4-afa6-408ab1856272","Tachycineta_thalassina",0.284469536454419,3,NA
"84","birds","b1df04e9-100f-4f5d-b970-2ce470b47e4a","Sturnella_neglecta",0.494600781338582,2,NA
"85","birds","d63150a6-498c-4d34-a88c-5fd0775dfc7e","Sturnella_magna",0.485301743578881,3,NA
"86","birds","11a9f4a9-dd51-4de9-8ad3-c525aedbf548","Stelgidopteryx_serripennis",0.295639514210215,3,NA
"87","birds","c128c727-0dcd-4b58-b598-e6c3c7226955","Spizella_pusilla",0.271230947112084,1,NA
"88","birds","76fb61bd-9291-4e4b-9be2-dd976d1c2d94","Spizella_pallida",0.259438235261885,1,NA
"89","birds","df344fe8-03f1-44a5-93ad-6e1cb586fb58","Spinus_tristis",0.273693869642166,1,NA
"90","birds","528a6d66-fb82-47c5-b32a-ac65c5a1bd82","Spinus_pinus",0.272935541758545,1,NA
"91","birds","8234bfdc-db90-4681-a630-eb9092016aca","Sitta_pygmaea",0.253525519520712,3,NA
"92","birds","f34c36bd-d121-4c94-9b4f-3ab5e4f11cfd","Sitta_carolinensis",0.326942764080611,2,NA
"93","birds","1c3e21b1-8e50-4b55-b0dc-52e537852b3d","Sitta_canadensis",0.245098671836352,2,NA
"94","birds","d5bde18a-bd2d-431b-8f86-489558649b3d","Sialia_currucoides",0.363803629774819,3,NA
"95","birds","557740ac-97d2-4536-8fc8-d4faa9c3b1c8","Selasphorus_rufus",0.13453071739027,1,NA
"96","birds","61923841-f9a7-4086-b94e-21ff2a9061b3","Parkesia_noveboracensis",0.299735427811797,3,NA
"97","birds","54dc814e-fb57-4912-a6c2-2b02c48fb1f5","Seiurus_aurocapilla",0.315058697730701,3,NA
"98","birds","4cc0b021-364c-4e36-9717-741f9dbe244d","Sayornis_saya",0.326430175002671,3,NA
"99","birds","c5d83ec7-0017-44eb-b071-a507271f2046","Riparia_riparia",0.272766294744892,3,NA
"100","birds","760a1e0a-c487-438b-a891-d0c60e97151c","Regulus_calendula",0.195759909205907,3,NA
"101","birds","a2c10513-2410-4076-ad44-e2f540e0693c","Recurvirostra_americana",0.614105067565311,3,NA
"102","birds","439440ce-7fec-424f-8646-97eb9b1d91ed","Quiscalus_quiscula",0.499959742583718,2,NA
"103","birds","2d80c86b-c1dd-4975-b8ca-3f05643a7916","Psaltriparus_minimus",0.17909037911281,3,NA
"104","birds","f0bfb0e5-a537-47ca-9bdc-f011d773c8e9","Progne_subis",0.427947428191144,3,NA
"105","birds","1be829d0-1cd1-463c-a490-a11b1519cd58","Porzana_carolina",0.463356245413262,1,NA
"106","birds","0bdcc280-426a-4d17-9ce4-d7576311e4ba","Pooecetes_gramineus",0.348548000858359,2,NA
"107","birds","6baa42b7-b037-4481-8d1e-3ddd8b03569a","Poecile_rufescens",NA,NA,NA
"108","birds","1aefeab2-171e-4a96-a4b0-b252b6daa1ba","Poecile_gambeli",0.259342310996521,3,NA
"109","birds","e1dc9a00-aba5-44eb-8976-3547c5fadb4d","Podilymbus_podiceps",0.646562639444642,3,NA
"110","birds","b9ee734c-397e-45cb-8610-2c8f0652cb97","Piranga_olivacea",0.358600463605237,3,NA
"111","birds","68b3ceb2-558f-40e6-a60f-db01e82f85a8","Piranga_ludoviciana",0.358218981115483,3,NA
"112","birds","f0fd91ea-e850-4e7c-955e-6148616b5bf6","Pipilo_maculatus",0.394187886892992,2,NA
"113","birds","f5ab8dfe-b2c6-4fc4-b7c1-73b7c8b5c987","Dryobates_pubescens",NA,NA,NA
"114","birds","9314d630-2a06-4147-90dd-dca8145ec3f5","Pheucticus_melanocephalus",0.413753219502153,3,NA
"115","birds","a3f5e90c-a842-4bf4-8c1d-81cbc663ac61","Pheucticus_ludovicianus",0.401377904488513,2,NA
"116","birds","21826ae6-73e1-4879-ac47-4aa365eee3cb","Steganopus_tricolor",NA,NA,NA
"117","birds","9230626e-bf99-4ed7-8216-2da7ae6adf24","Passerina_cyanea",0.288567360329413,1,NA
"118","birds","eee82410-40d7-4b96-95e2-94726eac601d","Passerina_amoena",0.294261853135748,2,NA
"119","birds","07c29333-b227-4eac-873d-0c8f3b8951fb","Passerella_iliaca",0.376290657888132,2,NA
"120","birds","f6c7d83a-47c1-4f40-a502-7eb71323d00f","Passerculus_sandwichensis",0.32154212283234,2,NA
"121","birds","3fba74d2-ba6e-4d58-a831-b694504ba49b","Setophaga_americana",NA,NA,NA
"122","birds","a46e7e3d-eba6-4523-a8a8-bc5b1cbfbd25","Pandion_haliaetus",0.784136795606983,3,NA
"123","birds","0bccf6a2-8226-43d9-bd34-a3d3dfcf857c","Geothlypis_tolmiei",0.25147998704662,3,NA
"124","birds","bb33ebb2-29b2-463e-afee-0a504afe45db","Geothlypis_philadelphia",0.264494887985658,3,NA
"125","birds","8f554c30-6108-43f6-8eaf-b5ece8be3d00","Oporornis_agilis",0.27789275453604,3,NA
"126","birds","8af843e0-802c-4794-9f0e-7c26aa229323","Numenius_americanus",0.68402013476928,3,NA
"127","birds","41e573b3-2974-4a03-abd7-9a64d2f0ebb0","Nucifraga_columbiana",0.522553868817533,2,NA
"128","birds","8633a200-dda5-4e76-9e1c-c91db748be3c","Myadestes_townsendi",0.376129051826129,2,NA
"129","birds","cfa933ec-066c-4473-a826-8cad8ecddea2","Molothrus_ater",0.396834223063233,1,NA
"130","birds","cd2de1ba-b28b-4737-8b39-8be1558cac5c","Mimus_polyglottos",0.416830298680212,2,NA
"131","birds","556a15f2-a637-4453-a26b-15cf81c9ca50","Melospiza_melodia",0.331498206317965,2,NA
"132","birds","2353786f-d7db-4a40-98c6-9e207848f3cb","Melospiza_lincolnii",0.301693911418227,2,NA
"133","birds","8a555b63-980e-43c2-8fd5-2801b26a59bd","Melospiza_georgiana",0.298409642973225,2,NA
"134","birds","ad67e72b-da7d-4f0a-ba7b-ea59df6dfff8","Melanerpes_erythrocephalus",0.458660974815446,3,NA
"135","birds","432d708e-b58f-4b19-aa78-1374ffa20b1a","Loxia_curvirostra",0.39144664391956,1,NA
"136","birds","e8763c39-eb97-4799-a1c6-64132c34b45a","Limosa_fedoa",0.63119965050273,3,NA
"137","birds","75d7203c-d698-4563-960b-a97a3c6ee3dd","Larus_delawarensis",0.670816462203682,3,NA
"138","birds","0ec01a21-9a7b-4d0e-88b2-cfe4011666b1","Larus_smithsonianus",NA,NA,NA
"139","birds","9512b763-2197-49ac-81c7-3491167792e6","Lanius_ludovicianus",0.423462968345766,3,NA
"140","birds","73d744e9-0223-4404-83f4-61f911ad3197","Junco_hyemalis",0.318984515865346,1,NA
"141","birds","91f8e4be-269e-42dd-aaf5-69a24094eb38","Ixoreus_naevius",0.467164201324048,1,NA
"142","birds","7c5a22c6-1f20-4fc9-8340-4f22dd149766","Icterus_bullockiorum",NA,NA,NA
"143","birds","0b837604-03f3-455f-99cf-95843ea071df","Hylocichla_mustelina",0.420294351143372,3,NA
"144","birds","c56aa014-e394-45a6-9df6-89c5ad0bc912","Hirundo_rustica",0.309850670101695,3,NA
"145","birds","a63878c8-640b-442e-8788-3fcfb05a4f86","Antigone_canadensis",NA,NA,NA
"146","birds","6613e9ab-8559-49c4-91ab-81c60e0f04cd","Geothlypis_trichas",0.242211147917694,3,NA
"147","birds","83ae8616-83dd-4262-b71c-80bee3ba5a50","Gavia_immer",0.913705955989173,3,NA
"148","birds","90e2f338-2e3f-4cc6-92d2-c68630e18cb2","Euphagus_cyanocephalus",0.44402962146614,3,NA
"149","birds","bb250bfd-88f3-4f80-b4ba-124129c67d4c","Eremophila_alpestris",0.376548722795586,2,NA
"150","birds","fbc2ce90-756a-499d-8800-0b0775e5b278","Empidonax_flaviventris",0.265042317588824,3,NA
"151","birds","6bd325af-bd74-4086-997e-73dd3e170cbf","Hylatomus_pileatus",NA,NA,NA
"152","birds","cc8f4d18-1b4e-4aaf-a5f7-3ed258ceaa51","Dolichonyx_oryzivorus",0.370348078592527,3,NA
"153","birds","50ec01e1-742f-40a5-ae7b-c4911585d358","Setophaga_townsendi",0.234027532971374,3,NA
"154","birds","0437e679-8349-4f83-ae24-83a1601654a2","Setophaga_tigrina",0.247696876186045,3,NA
"155","birds","d88bb5b2-ec23-4b11-93cb-5f01547ef22e","Setophaga_pinus",0.234753943010233,3,NA
"156","birds","f2166943-592d-429e-a8fa-448636f8519a","Setophaga_petechia",0.249605090010798,3,NA
"157","birds","1ba711eb-9bfb-4d54-8b6a-6325e766813b","Setophaga_magnolia",0.225168443055923,3,NA
"158","birds","10b5d043-584d-4ebf-9e50-896accebfdc0","Setophaga_coronata",0.266308904227158,3,NA
"159","birds","53b8c042-866c-4304-80aa-b50ea40f81ff","Cyanocitta_stelleri",0.521045982855314,2,NA
"160","birds","2076ca09-a7e3-481e-828e-5d72a6864f95","Corvus_brachyrhynchos",0.65575872062466,2,NA
"161","birds","cfb2b909-c106-461b-a19d-2e22302eb3b3","Contopus_virens",0.282631194135859,3,NA
"162","birds","4e10a28a-3ccb-4c5e-bc38-0104f4d6156d","Contopus_sordidulus",0.276265644499712,3,NA
"163","birds","2435bf27-0ff1-49df-86b9-0c7ae5e881f1","Contopus_cooperi",0.372510763802549,3,NA
"164","birds","aa8bf475-0ac3-4c10-9d98-ce6af0847984","Coccyzus_americanus",0.446610842447412,3,NA
"165","birds","232c57be-c40e-45bc-aaef-3f2fb98d03a1","Hesperiphona_vespertina",NA,NA,NA
"166","birds","1f7c46c1-1455-4bb6-bf46-175cc487e677","Cistothorus_platensis",0.236430031562309,3,NA
"167","birds","1fb6f23f-5b09-4d5e-bf25-8c2f5c063ec0","Cistothorus_palustris",0.255532815495225,3,NA
"168","birds","0dd5d056-7756-4672-88e6-cd3ca4314346","Circus_hudsonius",NA,NA,NA
"169","birds","f5925f65-35ff-453d-a355-c5dc0ed842b3","Charadrius_vociferus",0.490643675187767,3,NA
"170","birds","aa0ec58a-4b6b-4c5b-a434-cf10b01a08f0","Certhia_americana",0.22463944096186,3,NA
"171","birds","613fda36-4520-40a4-913d-f2a1385507a4","Catharus_ustulatus",0.366313628698678,3,NA
"172","birds","1d46323f-036f-4408-bede-dde48c40587f","Catharus_guttatus",0.365602452536978,3,NA
"173","birds","2ef478a7-9b96-4d5e-b307-e2aa4b71f607","Catharus_fuscescens",0.371839591568148,2,NA
"174","birds","5c0eacdc-9c31-4e73-ae88-6166414f79a5","Cathartes_aura",0.786644271170774,3,NA
"175","birds","9097ac47-0fc3-4ed6-8807-fb0caaf9025b","Haemorhous_mexicanus",0.374499472635875,3,NA
"176","birds","a2d4e0e5-cac3-4d7b-afbb-34c31794d7da","Haemorhous_cassinii",0.405933346725867,2,NA
"177","birds","894bb0b4-b521-4ea6-8ace-38d0f402ea56","Cardinalis_cardinalis",0.403001938585109,1,NA
"178","birds","53352236-18c5-4e57-a809-137db423b247","Antrostomus_vociferus",NA,NA,NA
"179","birds","e279d4c8-580f-40d2-8713-28a7d7e718fb","Calcarius_ornatus",0.323302171101517,1,NA
"180","birds","f7c60260-858e-47dc-84fd-8a27a16d907b","Rhynchophanes_mccownii",0.348548000858359,1,NA
"181","birds","edea954c-2389-4102-aeae-2b5b1a018c03","Butorides_striata",0.569773907554864,3,NA
"182","birds","85ff74d0-67d1-4e16-9725-d776e80a4643","Buteo_swainsoni",0.735912420714766,3,NA
"183","birds","fde3ed73-0fc1-44e8-95dc-05685cadea4a","Buteo_platypterus",0.65692255654566,3,NA
"184","birds","01791d86-5389-4a2a-b769-f3f4f30887ff","Buteo_lineatus",0.687612160224839,3,NA
"185","birds","96e83c60-f962-4e1b-8479-8b57c8e5ad25","Buteo_jamaicensis",0.752152831623704,3,NA
"186","birds","c175ebfa-c90c-428f-9a4b-996629b7a3dc","Bonasa_umbellus",0.67381097114936,1,NA
"187","birds","2de131ad-b6a6-4d49-8041-ccf7dd3290d2","Bombycilla_cedrorum",0.370756913634307,1,NA
"188","birds","8b65c3b5-4416-4235-9cec-62a20e9ac54d","Bartramia_longicauda",0.544281424666213,3,NA
"189","birds","101e4c97-0084-44f0-8d30-ffa8622a2593","Asio_flammeus",0.620316210490935,3,NA
"190","birds","fb061dac-9e57-4928-ba1b-a7f92a7e6cb5","Archilochus_colubris",0.121151143525042,1,NA
"191","birds","a09a7d1d-89ba-4fcc-a906-923b146d9f28","Anthus_spragueii",0.347792636375087,3,NA
"192","birds","7099c7a8-2b6f-425a-96af-0d4c5d5b4889","Ammospiza_nelsoni",NA,NA,NA
"193","birds","3a409a68-080d-4139-aa01-15774e2110a5","Ammospiza_leconteii",NA,NA,NA
"194","birds","a7731398-89c1-4b31-b84f-92fa0d4f9159","Aix_sponsa",0.696790665431542,1,NA
"195","birds","18bf11df-75f0-448b-ae27-dd5b95735087","Agelaius_phoeniceus",0.421763535821318,2,NA
"196","birds","0f6ea635-bb29-4bda-8158-6fdcda16c3a5","Actitis_macularius",0.397207003232044,3,NA
"197","birds","a19c89f4-b79d-4e88-bdbe-505c813c4902","Vireo_huttoni",0.260392794506498,3,NA
"198","birds","c454e8aa-7d15-42bf-a5a2-b00da725be73","Tringa_solitaria",0.416608653177514,3,NA
"199","birds","8c717319-7704-40b2-b946-2597f0fb52c1","Spizella_breweri",0.256522566353436,2,NA
"200","birds","106c34b2-62d1-4123-be4f-fe7230a0edab","Meleagris_gallopavo",0.930416102463139,1,NA
"201","birds","b7b074f0-f761-4365-a7dc-32a5e4d16a91","Melanerpes_carolinus",0.455464237895852,2,NA
"202","birds","818704e2-bc0b-4988-9aab-2af7001fa399","Loxia_leucoptera",0.360450385670858,1,NA
"203","birds","dba16e1d-304f-45ed-a22b-f0ce8df4e331","Larus_canus",0.646718941354099,2,NA
"204","birds","8a6dd904-7dfe-4d7e-b3fb-7a58bb7d8982","Icterus_spurius",0.318653584300109,2,NA
"205","birds","5ec489cc-8480-487b-886f-5e619a02d0cc","Hydroprogne_caspia",0.6963668724276,3,NA
"206","birds","79eab76a-442c-4b2e-9518-b441b0bfccef","Gallinago_delicata",NA,NA,NA
"207","birds","910e3a21-85b7-48d2-a3e3-018b4c4325d3","Falcipennis_canadensis",0.661555528139922,1,NA
"208","birds","90d27f5c-ad18-428f-9324-7ad5d9bf531d","Empidonax_minimus",0.247268184167895,3,NA
"209","birds","313663a8-4258-4603-8071-dbd7dc577c5e","Colaptes_auratus",0.523910253008306,3,NA
"210","birds","fa0f113b-6a0d-4ceb-9ed2-839bf9950b7a","Chondestes_grammacus",0.36160449747124,1,NA
"211","birds","0fe6eb10-9f48-4dcd-9693-4fd97be78929","Chaetura_vauxi",0.304880709302745,3,NA
"212","birds","cf423aae-091c-4d2b-8a58-179291cf6455","Calamospiza_melanocorys",0.389493838138602,1,NA
"213","birds","6bc744f6-b891-4c20-ae72-33aa02370e81","Sphyrapicus_varius",0.420743625903003,2,NA
"214","birds","05f7f133-4a89-4e78-a164-a077e79c9cac","Sphyrapicus_ruber",0.429925513368848,3,NA
"215","birds","ca469159-a45e-4cb2-92fc-75eccc5a87a6","Sphyrapicus_nuchalis",0.416808154704892,2,NA
"216","birds","5d0b06cc-a754-49b8-a9a5-305a69fe202e","Gavia_adamsii",0.913435458281132,3,NA
"217","birds","863ead93-67fe-42cf-baff-5b0bc33efccb","Calidris_fuscicollis",0.403929749772511,3,NA
"218","birds","b4c7f0af-5c5c-4f03-8234-73f9336dc715","Uria_lomvia",0.737866195609307,3,NA
"219","birds","8f083196-f169-4b81-90fc-5e54db52859f","Calidris_himantopus",0.434623194608035,3,NA
"220","birds","5955b436-6913-42b2-b183-8df41cb0f5f7","Calidris_alba",0.42371246439124,3,NA
"221","birds","cc4d3e89-f462-4ede-a021-a81d17b3b8bc","Arenaria_interpres",0.527540498326488,3,NA
"222","birds","f452dc68-f325-482a-9444-f8564c724a95","Calidris_canutus",0.532094073459144,3,NA
"223","birds","8318c5e6-e779-4647-84ed-22184dcd83f1","Alca_torda",0.707417124047115,3,NA
"224","birds","f2f5563d-8265-4b7b-8c05-ca746f356cf9","Calidris_maritima",0.448440877884673,3,NA
"225","birds","bfa48c32-8b73-4a95-91f1-035a917f30ba","Calidris_melanotos",0.470210560581514,3,NA
"226","birds","2381911f-d273-4d7b-8383-45f04f48c452","Limosa_haemastica",0.594338269171308,3,NA
"227","birds","df263300-ceca-4cfa-8c39-596d4c2a066d","Phalacrocorax_carbo",0.841439703971092,3,NA
"228","birds","b4ffd2bf-287f-4ce5-9f16-ac9f472b632c","Calidris_alpina",0.424085624948743,3,NA
"229","birds","1fe0dcb5-1860-44ff-b140-372dedda47f5","Pluvialis_squatarola",0.592934271687881,3,NA
"230","birds","4d3e63ab-41a6-4315-b4b2-855f7ba7a7c6","Calidris_bairdii",0.398711530939228,3,NA
"231","birds","bae8bc21-d2c0-45bf-b77a-8f2583f0504f","Cygnus_columbianus",0.940776757845481,1,NA
"232","birds","d97b6a9b-088a-464a-afee-d1075c554d8d","Calidris_virgata",NA,NA,NA
"233","birds","94538f81-185d-4d53-ae36-6885a535b3ed","Lanius_excubitor",0.445616275214633,3,NA
"234","birds","f41507f7-66fc-4968-9707-0cef0840a51c","Larus_fuscus",0.712666494750103,3,NA
"235","birds","b7a51b5f-191b-43c0-80c7-338372460b0a","Catherpes_mexicanus",0.266578382933023,3,NA
"236","birds","59c5b4c7-8b17-4679-b187-d3ffc1e4583a","Calypte_anna",0.155127616168621,1,NA
"237","birds","3cc17c43-e8e3-42d0-9703-2e9495b43f6b","Calidris_pusilla",0.355901181616894,3,NA
"238","birds","da7da53b-7b20-496a-8247-729cdfb72655","Pluvialis_dominica",0.539125405559318,3,NA
"239","birds","2df7a691-3637-4987-a3ea-9a6700372412","Numenius_phaeopus",0.633446918364482,3,NA
"240","birds","6fc470d1-e7b7-44dd-9502-eecad6fc1656","Charadrius_semipalmatus",0.412860894966697,3,NA
"241","birds","8e2c8472-d247-499d-934e-50b5525a6921","Limnodromus_scolopaceus",0.499160406684026,3,NA
"242","birds","b57729a3-142b-4fdd-b223-d7541db11b9b","Fratercula_cirrhata",0.714345054583603,3,NA
"243","birds","88c35b6a-86f4-4180-9859-9b86e2fe6b7c","Ptychoramphus_aleuticus",0.560017390566653,3,NA
"244","birds","9adfce28-14e4-4066-b906-62a30f8fa498","Fratercula_arctica",0.685690009525302,3,NA
"245","birds","3d19eab3-19ce-4216-a091-4dfece33aeb9","Synthliboramphus_antiquus",0.57808787375141,3,NA
"246","birds","e62ea85b-8f0c-423e-b611-bcecc305487f","Lagopus_leucura",0.630581258714625,1,NA
"247","birds","a3aafa31-00de-4192-820d-a59c0430e144","Surnia_ulula",0.619410322460317,3,NA
"248","birds","087deaa1-1f8d-4d03-9b73-8704e45db33a","Larus_glaucoides",0.702470975454485,3,NA
"249","birds","aedc2c80-8479-4297-99be-d597a684281b","Falco_rusticolus",0.780343299839389,3,NA
"250","birds","e58be983-7fda-4879-9ef2-c92ad5bd0ae9","Strix_nebulosa",0.748253190776701,3,NA
"251","birds","ca373b51-06cb-4f0f-9a90-cc631a4e8a2a","Zonotrichia_querula",0.38332214990552,1,NA
"252","birds","dcc37d66-fdf5-4a9b-a446-d9774e528d78","Plectrophenax_nivalis",0.401888058454764,1,NA
"253","birds","74588e99-df62-469f-bd8f-b65e94a15729","Lophodytes_cucullatus",0.689385096271734,2,NA
"254","birds","bcd878d5-7c74-4c66-9f78-7d7b2be8825c","Cinclus_mexicanus",0.433567412992155,3,NA
"255","birds","ac31a7ef-e808-43dc-9cf3-8103f85f60f3","Passerella_arborea",NA,NA,NA
"256","birds","def1b912-c48c-4baa-a650-72d6bf8df2ea","Salpinctes_obsoletus",0.300195612449622,3,NA
"257","birds","df6e7e67-9ac2-4169-9971-88d06229d4c8","Rallus_limicola",0.475940810774585,2,NA
"258","birds","fac4cd73-0378-426d-9493-c7bb7eea0c88","Polioptila_caerulea",0.188771453711247,3,NA
"259","birds","21486bb9-2f9c-45db-a0f3-336b970b8dbf","Picoides_tridactylus",0.449082292014474,3,NA
"260","birds","e09cc7fb-322b-43d2-83d7-b33de194fb38","Pica_pica",0.577969431965946,3,NA
"261","birds","f0e4ea38-9142-47b5-a246-27b5f2cc87c9","Melanerpes_lewis",0.500550287170479,3,NA
"262","birds","04a7d334-acd0-449f-93af-98c2049c4ff9","Icteria_virens",0.34519254123758,3,NA
"263","birds","d8acafe9-fced-462b-905f-89ca36c0a7d1","Empidonax_traillii",0.278616987233412,3,NA
"264","birds","6d428518-1ee0-4e46-835d-085a8be21ee4","Empidonax_difficilis",0.25453385752011,3,NA
"265","birds","e5675fdc-5c91-46f6-90d9-06e9a20a9d63","Empidonax_alnorum",0.272935541758545,3,NA
"266","birds","a3e052ce-b721-4857-97b4-393e79f63204","Aquila_chrysaetos",0.897133836750485,3,NA
"267","birds","8e847741-226b-4a28-81a9-a31d4c76da00","Accipiter_striatus",0.523197204245373,3,NA
"268","birds","1bb85a20-b661-4217-a6d7-78e5639fdef3","Accipiter_gentilis",0.726359675153455,3,NA
"269","birds","456f64c6-2503-470e-942b-0ee91fb2ea4a","Accipiter_cooperii",0.651090517995998,3,NA
"270","birds","dead7828-c4a5-4195-bd24-a19ffdac91a7","Vireo_solitarius",0.292936498897533,3,NA
"271","birds","2cff20fd-f246-4ac6-bd23-1cc054f277bf","Vermivora_chrysoptera",0.232805822320822,3,NA
"272","birds","b6ee8105-ed9a-4d1e-9c15-4718543b8ebf","Tyrannus_tyrannus",0.395735005994648,3,NA
"273","birds","fa634e36-fe07-45e0-a148-f26744384a15","Turdus_migratorius",0.468540979258241,2,NA
"274","birds","82b9eaea-1fce-4204-9cfd-a82bd6fa63a6","Toxostoma_rufum",0.454377156370413,2,NA
"275","birds","6918f31a-bbe7-4975-9bae-d8d6a7be4277","Strix_varia",0.705250600227432,3,NA
"276","birds","8097fecf-4ecc-4b73-a299-8147bc033549","Selasphorus_calliope",NA,NA,NA
"277","birds","5b977ed8-33b7-4ea9-b23c-c88fb90140ac","Spizella_passerina",0.268622222683887,1,NA
"278","birds","290b5609-29b1-42a8-b00c-67ec7ac4a068","Setophaga_ruticilla",0.226479658466309,3,NA
"279","birds","383968af-fbc2-4773-8789-2496eff5ee76","Scolopax_minor",0.5669771794982,3,NA
"280","birds","da7d9009-37e0-4e6a-9eb4-b02528b83246","Sayornis_phoebe",0.320080313209645,3,NA
"281","birds","b3862b10-a72e-45b2-ae9c-d4507f126ac6","Regulus_satrapa",0.195759909205907,3,NA
"282","birds","b1eef450-2f44-4f20-90c4-2145956c3eba","Pipilo_erythrophthalmus",0.39621897520209,2,NA
"283","birds","57945c0f-71a0-440e-a489-e1bf92cfe331","Leuconotopicus_villosus",NA,NA,NA
"284","birds","c38fa0aa-9be6-45db-a436-f5f80eace448","Picoides_arcticus",0.455061748249781,3,NA
"285","birds","f8f946d6-11ba-4178-b511-15da88138b51","Perisoreus_canadensis",0.458630974198423,2,NA
"286","birds","053eeb6d-0d52-4041-aa1d-537ae918307a","Poecile_hudsonicus",0.245098671836352,3,NA
"287","birds","979740b3-f14f-459e-a845-83cb3412ab3c","Myiarchus_crinitus",0.372510763802549,3,NA
"288","birds","3d5e3380-8979-468c-a218-cc23ea4311c3","Mniotilta_varia",0.256522566353436,3,NA
"289","birds","f3aded28-452d-4e40-9e4b-150ded01f2d2","Icterus_galbula",0.374925547879135,3,NA
"290","birds","d7849b32-bdfe-418c-aff9-8f380dea8da1","Petrochelidon_pyrrhonota",0.329967955903127,3,NA
"291","birds","757d070e-8d77-4cd1-811b-4133a09b1e56","Falco_sparverius",0.509180211470867,3,NA
"292","birds","f66a62eb-bbaf-490c-a8fe-8c0f3a8a5a6e","Empidonax_oberholseri",0.25147998704662,3,NA
"293","birds","30969cf2-41ee-4b84-8b75-02ece503cbd0","Empidonax_hammondii",0.251892222516131,3,NA
"294","birds","38469521-e37f-4b81-ba96-e67787209d18","Dumetella_carolinensis",0.382715440902246,3,NA
"295","birds","a14c3b61-c058-465d-a9ed-5f4ef45b9f2a","Setophaga_virens",0.232189715020204,3,NA
"296","birds","09515756-e032-4d48-b3aa-8483df2b3a0e","Setophaga_striata",0.265405726422728,3,NA
"297","birds","eb81f9d9-385b-4ae0-83df-6b52d17b4df3","Setophaga_pensylvanica",0.239359487845196,3,NA
"298","birds","34124449-ace5-4af6-897f-150f410213f3","Setophaga_nigrescens",0.232313219585784,3,NA
"299","birds","a75215a7-a31c-493f-aa2b-06ed92f00718","Setophaga_fusca",0.244439178210284,3,NA
"300","birds","c137cde0-49e6-40bf-9f9e-79c2c9faef19","Setophaga_castanea",0.265042317588824,3,NA
"301","birds","f93de810-b6b2-44a7-a2f8-a5e571be3b8a","Setophaga_caerulescens",0.248761178336169,3,NA
"302","birds","4b1f4c2d-7aa8-4218-95c8-4074d7662453","Dendragapus_obscurus",0.746768523195833,1,NA
"303","birds","68981529-7216-47ff-9cdf-cd953c5dd72b","Cypseloides_niger",0.395248845772261,3,NA
"304","birds","371e54db-f9bc-403b-b958-71949f2c2438","Cyanocitta_cristata",0.480808699488509,2,NA
"305","birds","13147955-7654-47ff-802b-5960cec3c143","Corvus_corax",0.733776727885413,3,NA
"306","birds","27d34353-0064-44d2-9c65-9d645de90f8c","Patagioenas_fasciata",0.633955299380793,1,NA
"307","birds","9f7c8510-5b97-4cfc-ba1b-20a3e7cac8e9","Coccyzus_erythropthalmus",0.422017006925467,3,NA
"308","birds","294c7694-8a29-457d-832b-82d84aba8e2f","Chordeiles_minor",0.469629832266794,3,NA
"309","birds","7bc6ef35-d3ca-494b-9590-4c025c288cf5","Chaetura_pelagica",0.339477457996726,3,NA
"310","birds","a3d7452f-0cbe-4b5c-b916-6285effd5d44","Catharus_minimus",0.370756913634307,3,NA
"311","birds","62c9c5d4-5eca-4d76-b13c-5ea7c63a7673","Buteo_regalis",0.780752052227575,3,NA
"312","birds","cab8b2e0-0697-42e3-9ec2-ffcf131a085d","Bubo_virginianus",0.790633474928004,3,NA
"313","birds","b2294341-6bb0-4e49-8f0c-5828bde12edf","Ammodramus_savannarum",0.308036653860195,3,NA
"314","birds","56266911-7426-467f-a610-f6075a63e595","Passerculus_bairdii",NA,NA,NA
"315","birds","d35599da-9526-48f4-8cb6-79015b566eee","Phalaenoptilus_nuttallii",0.416453228679063,3,NA
"316","birds","a24b17f2-318f-4e54-94b6-01763b615a19","Larus_californicus",0.700923362263268,2,NA
"317","birds","9df87635-197f-4028-8b55-506efe9669e8","Phalacrocorax_auritus",0.805311815507529,3,NA
"318","birds","dcde0cb1-aa89-43ba-a5c1-3a8899a7b566","Larus_marinus",0.795562536700967,2,NA
"319","birds","de881d70-6fe8-41e3-909a-f50bd1f869c0","Podiceps_nigricollis",0.646695510565701,3,NA
"320","birds","90b1d2c8-cb5a-4fe6-8b6c-a1cad6759ccc","Pelecanus_erythrorhynchos",0.926970139273973,3,NA
"321","birds","71a9fc58-2ee1-4efe-bd81-a0d32fd3756f","Oxyura_jamaicensis",0.68839727323228,3,NA
"322","birds","581e360f-3fe3-49d5-8980-2e032d85a081","Nycticorax_nycticorax",0.719175809297649,3,NA
"323","birds","4e54619d-8b8e-4fd1-87f3-0dff7d81e17a","Mergus_merganser",0.781781240188138,3,NA
"324","birds","d3e0a613-8aa7-482b-90c5-adfb7f168049","Larus_pipixcan",NA,NA,NA
"325","birds","21fcaefb-6247-4dcf-a8ab-f48807991088","Larus_philadelphia",NA,NA,NA
"326","birds","bb52bed8-8cce-40a3-9262-dcd65e38d779","Haliaeetus_leucocephalus",0.908006220639396,3,NA
"327","birds","ad3c2c3a-ca72-4117-8d8b-ead14824f081","Fulica_americana",0.69333062512607,1,NA
"328","birds","1df06924-6e5d-47b8-8cdd-35150288eb79","Chlidonias_niger",0.448770286756265,3,NA
"329","birds","e4fe20eb-e3e5-47e8-9f6d-65e2b97fc1d9","Megaceryle_alcyon",0.536636673534812,3,NA
"330","birds","7562f788-6b7d-42d4-996c-b5376b104be3","Bucephala_clangula",0.732682218319504,3,NA
"331","birds","563c3bfe-c9db-43f3-86ce-9108762daf6d","Bucephala_albeola",0.642722566111569,3,NA
"332","birds","a34684b4-4bb5-4801-9238-410fc7ecdd18","Botaurus_lentiginosus",0.704418765478042,3,NA
"333","birds","739f4850-369c-47e2-aa1a-87055a29efc1","Ardea_herodias",0.84120335076047,3,NA
"334","birds","96177f23-1306-4eca-9255-12920225ff08","Spatula_cyanoptera",NA,NA,NA
"335","birds","e1263fba-1df7-4959-8479-14d02a6ac2df","Clangula_hyemalis",0.72697295060939,3,NA
"336","birds","5799a53e-3d7c-4a5a-af3d-feba2be106e4","Plegadis_chihi",0.689929598907042,3,NA
"337","birds","73b85497-a093-40f3-901d-68dedcbce8f7","Somateria_mollissima",0.819462399846747,3,NA
"338","birds","94d11df7-3dd9-4151-a958-2ac0f8d1391d","Phalaropus_lobatus",0.386833598945793,3,NA
"339","birds","228fe767-c585-459d-8243-da84c37303bb","Melanitta_deglandi",NA,NA,NA
"340","birds","0c496396-5cae-4609-8f9a-c938261294e6","Histrionicus_histrionicus",0.679840109652464,3,NA
"341","birds","01b40e9b-b550-4e3b-9f71-02b565d1ef22","Colinus_virginianus",0.552706359886652,1,NA
"342","birds","f9bf2f47-2cee-4b91-b73a-29c7ebb3c10a","Aeronautes_saxatalis",0.372510763802549,3,NA
"343","birds","a134dfb2-88cc-4b05-9c2c-6c4f2fd34ed0","Coturnicops_noveboracensis",0.441279077383956,3,NA
"344","birds","72bf0904-099f-4ec6-945a-53842afd5ba8","Acanthis_flammea",0.275442749990809,1,NA
"345","birds","20a4b67c-a6fe-42df-abe9-9fdb0c36acca","Sterna_paradisaea",0.504771462432698,3,NA
"346","birds","e9a67fe7-5fc5-40ac-b830-3ce506795ead","Sterna_forsteri",0.537359822448907,3,NA
"347","birds","1d68f9f7-ba70-4548-a393-55c99b76a6c8","Aythya_marila",0.742379678974093,3,NA
"348","birds","19df4d98-ec46-4aac-96bc-cead650797fe","Bucephala_islandica",0.732991579052459,3,NA
"349","birds","7234fc71-a76f-47fe-bc81-63a60b208d9b","Xema_sabini",0.567892231237582,2,NA
"350","birds","f9fe5ccf-dbfe-4153-8d45-a35a7db67c84","Pagophila_eburnea",0.677602553680251,3,NA
"351","birds","228a276b-678d-46e0-884d-0f0d823c8153","Stercorarius_pomarinus",0.702340788461293,3,NA
"352","birds","ec5817f4-dd75-4bea-a8eb-82937a1e81a8","Stercorarius_parasiticus",0.65468853120992,3,NA
"353","birds","67be26c1-5b92-4dc6-b6b6-5662b516aaee","Setophaga_cerulea",0.236430031562309,3,NA
"354","birds","f8a3b9fb-47d8-4116-8c94-200d5422696c","Baeolophus_bicolor",0.329967955903127,3,NA
"355","birds","1d65219d-01b5-418a-a3ac-5c37a9687f0f","Ardenna_gravis",NA,NA,NA
"356","birds","bd25d10e-477c-4e68-a2c2-a8b82191759b","Stercorarius_longicaudus",0.608092220904434,3,NA
"357","birds","aae162a5-08e4-45d2-8b42-8a0e18873ec9","Branta_bernicla",0.768138680540472,1,NA
"358","birds","ee113d05-f208-4d4a-8ae4-511a807a120d","Lagopus_muta",0.674695285696945,1,NA
"359","birds","80e80a44-dd02-4a52-9746-b2144f3b75b0","Megascops_kennicottii",0.532056219742395,2,NA
"360","birds","29c97d8a-d77d-41ff-8ed4-8bd1791a0ca6","Megascops_asio",NA,NA,NA
"361","birds","aa9fd59f-5c53-4630-86a1-380768f89138","Passerculus_henslowii",NA,NA,NA
"362","birds","1fe28aaa-09bb-48aa-805d-164eb83125c4","Himantopus_himantopus",0.555743004734326,3,NA
"363","birds","806280d0-8a57-49d0-be49-7812bb87ffdb","Rhodostethia_rosea",0.561754148765353,3,NA
"364","birds","7de7b34e-645e-418c-9ff8-b3af08f46204","Grus_americana",0.931056137056874,3,NA
"365","birds","63ff9096-2b87-48e2-ba7a-7aefece8cb56","Brachyramphus_marmoratus",0.5792066028406,3,NA
"366","birds","daef3cce-fbc3-4446-968f-5b5b90a2c341","Centrocercus_urophasianus",0.81087039748473,1,NA
"367","birds","dbccda0a-7914-46bb-9ab5-453e3989e055","Cepphus_columba",0.6736267474486,3,NA
"368","birds","b1622b41-5456-4a4f-9ac0-7995f58f4f87","Cepphus_Columba",NA,NA,NA
"369","birds","1b1ab7fe-e76c-450c-ade2-d4387da920e4","Cerorhinca_monocerata",0.663485626683482,3,NA
"370","birds","a929dc79-e38b-4799-a6e0-80a10dda0de5","Charadrius_melodus",0.429138646262002,3,NA
"371","birds","96c99e6e-d139-45dd-9371-262f5a20f6f9","Larus_hyperboreus",0.787405465876687,3,NA
"372","birds","ea8fb257-3ac3-46c3-aa29-4ea16a15836a","Phalaropus_fulicarius",0.431482158968531,3,NA
"373","birds","e99bc687-ffa9-468c-8826-0cd901e34d34","Somateria_spectabilis",0.793392639114994,3,NA
"374","birds","77ca8b3d-0714-4cbc-8052-63fce52bece3","Gavia_pacifica",0.828940571836273,3,NA
"375","birds","74906976-2931-43d3-b7b0-34c98e10ea01","Larus_glaucescens",0.747710786464195,3,NA
"376","birds","045ddf1c-9984-4610-9bab-d4a9b551128b","Mareca_americana",NA,NA,NA
"377","birds","79180286-5b85-4c44-b715-e86e6d86f752","Mareca_strepera",NA,NA,NA
"378","birds","b55b1a44-ed46-4938-92a2-4ee3f91f178e","Oceanodroma_furcata",0.439195897854116,3,NA
"379","birds","0ce8a17d-fbd3-4b11-b483-8e4bc4dd41ce","Phalacrocorax_pelagicus",0.807515859963117,3,NA
"380","birds","19803a1c-bdac-4054-a081-e90faa0a4dea","Phalacrocorax_penicillatus",0.827651527857745,3,NA
"381","birds","f5c00b0d-c603-48b2-b269-f7a1651c879c","Poecile_atricapillus",0.255532815495225,3,NA
"382","birds","93c6ebf8-2b68-46ea-8235-d78ae26221ec","Protonotaria_citrea",0.285677844087717,3,NA
"383","birds","59b422db-8bd9-444d-a757-3e7d4abc1cc1","Sialia_sialis",0.355901181616894,3,NA
"384","birds","d4dfa9dc-d946-401b-b5f7-245fa7edc957","Spatula_clypeata",NA,NA,NA
"385","birds","21440787-24b5-4769-8ffd-f8bba97e41e2","Spatula_discors",NA,NA,NA
"386","birds","cd40476b-30c6-4b7e-85cf-34ca4fb7f39f","Sterna_hirundo",0.522006481493636,3,NA
"387","birds","c23afbb3-f53b-4831-82dd-025a65e7baac","Tachycineta_bicolor",0.327960659928614,3,NA
"388","birds","1e599079-8440-40e3-88f7-5fa62eee7d4f","Troglodytes_aedon",0.256028831194332,3,NA
"389","birds","a48033bf-c47d-4537-8b39-5e569fb2970f","Uria_aalge",0.740934422017728,3,NA
"390","fish","77109f33-b0ff-4f32-bfa4-490940b339bb","Albatrossia_pectoralis",0.729834522203492,4.30000019073486,56
"391","fish","8621303a-a791-485e-ac5e-b89c903426ba","Aspidophoroides_monopterygius",0.421900902328549,3.29999995231628,NA
"392","fish","4be7adbc-3b69-45e8-ab1c-020a30191cfa","Zoarces_americanus",0.641575435352185,4.23999977111816,18
"393","fish","033607a0-5473-41b9-bf5e-3130cfab1afd","Citharichthys_arctifrons",0.3945110658045,3.28999996185303,NA
"394","fish","2b3eb32c-f97f-4a86-bb13-8d4e9c9d2af9","Lumpenus_lampretaeformis",0.533957737826272,3.58999991416931,NA
"395","fish","df726e5e-869e-43fb-8051-b4a66933e278","Nezumia_bairdii",0.503500548360635,3.33999991416931,11
"396","fish","37d75211-6223-4e40-bfd6-35d4a180b403","Myoxocephalus_scorpius",0.558843073594385,3.69000005722046,18
"397","fish","82a0ddef-e508-4e84-9802-0d967304fd29","Notacanthus_chemnitzii",0.653451745373385,3.5,NA
"398","fish","ed300c0e-3782-4657-bbf0-25bc92323955","Hippoglossina_oblonga",0.506870879143833,4.28999996185303,NA
"399","fish","48812ffd-79e8-4c60-87a5-7551c93f188f","Ammodytes_dubius",0.439349066047272,3.20000004768372,NA
"400","fish","f515d56c-8938-4ba2-85e7-0fb654ae5b2b","Cottunculus_microps",NA,4.1399998664856,NA
"401","fish","d276ddf0-31ac-43fa-b845-072b7f17294b","Peprilus_triacanthus",0.464234401815386,3.91000008583069,NA
"402","fish","6beb2ba0-598f-4f09-9876-2f78bee6cf6d","Chlorophthalmus_agassizi",0.503500548360635,3.69000005722046,NA
"403","fish","63a55c45-9e34-4945-b0e7-5fe3d1ae6320","Bathyraja_spinicauda",0.700992635159346,4.40999984741211,NA
"404","fish","74a40e76-59ae-40a0-819a-b9b7f582db9c","Helicolenus_dactylopterus",0.533957737826272,3.94000005722046,43
"405","fish","c7993b1f-6c70-431c-8e4c-4281cc01272b","Synaphobranchus_kaupii",0.628566409605271,4.09000015258789,NA
"406","fish","e78cafa4-97aa-41a2-843f-38e2b4f2f5b1","Centroscyllium_fabricii",0.637801237425387,3.83999991416931,NA
"407","fish","c9f48cf0-b7a2-4145-8a38-ec392caf93e3","Trachyrincus_murrayi",0.492859463616794,3.47000002861023,NA
"408","fish","bf23b6b5-7fc3-4074-8b51-31e33349990e","Boreogadus_saida",0.503500548360635,3.11999988555908,7
"409","fish","53601759-ebb3-47f4-b80c-5708924ba6a8","Hemitripterus_americanus",0.567652030673997,4.44999980926514,NA
"410","fish","83257976-fab1-4077-8dff-220dd73a1df8","Phycis_chesteri",NA,3.99000000953674,NA
"411","fish","8ea5a36a-157d-4fc1-be3f-544705173e15","Artediellus_uncinatus",0.314283204802636,3.5,NA
"412","fish","d7bc46ad-fa76-4d55-8f92-04d65fc91ea4","Leptagonus_decagonus",0.415551317400857,3.22000002861023,NA
"413","fish","42c01d2e-ec1e-4dce-b793-405cb398200f","Argentina_silus",0.599853982438542,3.3199999332428,35
"414","fish","cdeb2153-92f3-4776-aa0e-577125948459","Urophycis_chuss",0.571852099341299,3.72000002861023,NA
"415","fish","89477025-c4e5-43a0-9e5c-06585d3e817b","Salvelinus_malma",0.661190175697748,4.40000009536743,NA
"416","fish","e2869b91-ce98-4ee2-ab55-11133029dc0d","Alosa_pseudoharengus",0.537382385646196,3.39000010490417,9
"417","fish","8bec43a8-f8b9-40aa-92f9-062d4a8010c3","Citharichthys_stigmaeus",0.38670943035671,3.40000009536743,NA
"418","fish","ab7cd47c-5c74-4e36-9010-93ac07577363","Podothecus_accipenserinus",0.466490510397945,3.35999989509583,NA
"419","fish","59b0ae23-b218-463f-a59f-28746e42cedb","Lepomis_gulosus",0.468709932658122,3.34999990463257,NA
"420","fish","5b08f051-8a8a-4130-b830-05638f60864c","Noturus_gyrinus",0.350093686731584,3.33999991416931,3
"421","fish","89f46bbf-e5f5-4dd6-aacc-d1f00af508d2","Ameiurus_natalis",0.558843073594385,3.32999992370605,4
"422","fish","a77de220-6549-483e-9f68-5b6e777bf25d","Ammodytes_hexapterus",0.464234401815386,3.13000011444092,11
"423","fish","4434b02b-7657-4ed5-b849-fef3322ae5b7","Ameiurus_melas",0.571852099341299,3.80999994277954,10
"424","fish","a88b8000-81d1-411a-88c3-03f189b3a9fb","Alosa_sapidissima",0.591108123418365,3.48000001907349,13
"425","fish","ed80e866-4cb1-45b6-899c-63f698dbf2df","Ictiobus_cyprinellus",0.656822076156583,3.10999989509583,26
"426","fish","16a60e0b-3c87-45f1-9864-6951da27d2b7","Umbra_limi",0.360208792167106,3.67000007629395,4
"427","fish","f6d80a8f-5265-4ddf-a2dc-d9d2c08dc4ec","Esox_americanus",0.506210955781591,3.65000009536743,NA
"428","fish","0d2a5973-88d3-49fa-a043-5940b04f13ce","Lepisosteus_oculatus",0.683908934839022,4,18
"429","fish","d2020203-94bd-400e-bef9-012a100bacc2","Anarrhichthys_ocellatus",0.748060417152384,3.50999999046326,NA
"430","fish","c0736001-7587-4c99-9f71-eb4036b48064","Reinhardtius_hippoglossoides",0.641575435352185,4.38000011444092,30
"431","fish","9bbdcf04-0177-4b91-85c5-1bc6552a309f","Mallotus_villosus",0.408891876581635,3.15000009536743,10
"432","fish","288b930b-6310-4d71-9d28-4ea67580276c","Ambloplites_rupestris",0.513371701163564,3.4300000667572,18
"433","fish","14aeccd1-42ee-4af7-89fa-6bc9f416df47","Margariscus_margarita",0.378434687115998,3.04999995231628,4
"434","fish","39c4b8e6-3afb-44ce-aeef-348e32f3823f","Pimephales_promelas",0.315641345159378,2.42000007629395,5
"435","fish","b96636b1-cee7-40ad-963e-c93c64dd73b1","Salvelinus_alpinus",0.637801237425387,4.3899998664856,40
"436","fish","6a1a2e01-a776-4e90-8488-61005473eea4","Cetorhinus_maximus",1,3.20000004768372,50
"437","fish","a6d482a5-7078-4c7b-8200-b10d118d5a76","Enchelyopus_cimbrius",0.506870879143833,3.57999992370605,9
"438","fish","3a38eef0-d92d-46ba-a8e6-bb3a765db908","Triglops_murrayi",0.425027685899666,3.45000004768372,NA
"439","fish","5d23e9f8-f62c-423e-b277-e77aee3ec316","Eptatretus_stoutii",0.566581503918748,4.23999977111816,NA
"440","fish","b764f0db-6f1e-43d7-bf2c-6d2a38b726a8","Brosme_brosme",0.653451745373385,3.90000009536743,20
"441","fish","e349add4-3b95-43f2-affb-2c7c519f68ed","Acipenser_transmontanus",0.87538238697958,3.25,104
"442","fish","7fe22b21-82d8-4522-8c18-dbd8266d66ad","Coryphaenoides_rupestris",0.641575435352185,3.5699999332428,54
"443","fish","9ecbc9a3-3276-4223-a2fe-311c97773d72","Ameiurus_nebulosus",0.546966763573185,3.6800000667572,9
"444","fish","a1d7091b-fcaf-4fdb-b688-72b0ad2e4636","Lepisosteus_osseus",0.723175081384271,4.19000005722046,36
"445","fish","75041122-474e-4244-ab85-5cf622aa4dec","Ictalurus_punctatus",0.666460771120298,4.15999984741211,24
"446","fish","9d55de08-c0d0-43b5-bf3a-d3c02e11a3e5","Moxostoma_carinatum",0.592892350937656,3.55999994277954,12
"447","fish","e48e5c1b-61d7-4a2e-8757-2240fad011fe","Moxostoma_valenciennesi",0.598109220139634,3.3199999332428,NA
"448","fish","047f7197-88ed-4a89-9fe3-ecc2234dd526","Moxostoma_macrolepidotum",0.589300263060022,3.13000011444092,9
"449","fish","5ad70511-8b42-4e5b-bee4-b6f842976564","Moxostoma_anisurum",0.587468135395793,3.00999999046326,10
"450","fish","b7c00e02-8690-414c-8db4-05cce84849b6","Amia_calva",0.64032892932259,3.80999994277954,30
"451","fish","bbd032dc-4fc3-4320-8d42-cf36b538be6f","Aplodinotus_grunniens",0.621565312884002,3.35999989509583,13
"452","fish","925b99eb-23d3-4d28-8751-9a92cbe34e3c","Morone_chrysops",0.519576927049136,4.03999996185303,9
"453","fish","080b92c4-bdb8-4d39-babe-c1f2c2334699","Dorosoma_cepedianum",0.563161748284799,2.40000009536743,10
"454","fish","c58f2186-0c72-4f29-bd0e-a473f1feb99b","Etheostoma_nigrum",0.269445200944074,3.19000005722046,4
"455","fish","8eaf09ab-2cdf-45f6-9c7e-b22a587b0172","Percopsis_omiscomaycus",0.408891876581635,3.38000011444092,4
"456","fish","017cfe2b-db71-45e6-81a7-9c5f31dc6408","Prosopium_cylindraceum",0.556549045450087,3.29999995231628,16
"457","fish","c82c2418-84e5-410b-8868-b6f23059a766","Antimora_rostrata",NA,3.57999992370605,NA
"458","fish","9e87f975-4b06-4522-9bcd-bcf5c62540c0","Thunnus_thynnus",0.836265329975753,4.44999980926514,32
"459","fish","894c4198-ce40-405a-9831-c723f10f1ed0","Salvelinus_confluentus",0.632600933726384,3.72000002861023,NA
"460","fish","a947bfc5-fba3-429e-b7bc-ce862485d358","Anarhichas_minor",0.708794270607136,3.83999991416931,NA
"461","fish","188dbd64-cf50-4db2-adb8-ab159124b71d","Anarhichas_denticulatus",0.708794270607136,4.03999996185303,NA
"462","fish","3e0e98f8-69ba-48e1-bdaa-3ffe64954453","Scophthalmus_aquosus",0.521683785340425,3.72000002861023,7
"463","fish","fe5ec852-37e1-4ca4-94bf-20ea24b7a398","Tautogolabrus_adspersus",0.496499451639365,3.72000002861023,6
"464","fish","c5ffe6ab-dfbb-463b-8932-5ad34614a791","Stenodus_leucichthys",0.683908934839022,4.15000009536743,22
"465","fish","0c9be4c7-b7a5-4f73-adeb-437dd3999684","Cottus_cognatus",0.34030126059955,3.36999988555908,7
"466","fish","6b603e23-ffde-4436-a8a5-3e526664627a","Prosopium_williamsoni",0.579883325190742,3.66000008583069,17
"467","fish","64df0be4-c727-45ed-971a-f5a9f2ed316f","Catostomus_catostomus",0.567652030673997,2.53999996185303,20
"468","fish","e9eed834-d20f-4889-ab0f-4f5eb1d03cca","Couesius_plumbeus",0.427968188372567,3.38000011444092,5
"469","fish","17543915-722d-4d2d-93dc-70322edd764f","Hiodon_alosoides",0.545592966356535,3.19000005722046,14
"470","fish","1f72a946-81a0-4db4-9977-804a3304eefb","Platygobio_gracilis",0.473043358894998,4.17000007629395,NA
"471","fish","60dd5c52-3063-427f-8573-c0a0992c6484","Notropis_atherinoides",0.350093686731584,2.79999995231628,4
"472","fish","21dd0c64-2861-41d8-a983-4a21969c86d5","Thymallus_arcticus",0.591108123418365,3.25999999046326,18
"473","fish","a73597d3-e56e-4640-bdcd-b525d4a7677f","Amblyraja_radiata",0.635225850424493,4.19999980926514,28
"474","fish","048bbf17-6788-476a-a77a-985698dc4964","Acipenser_oxyrinchus",0.818803619389706,3.26999998092651,60
"475","fish","4c49e618-8dda-4f9d-a20d-fbf877cb23fa","Anarhichas_lupus",0.683908934839022,3.85999989509583,22
"476","fish","07f264d0-d145-44b3-bafd-b6098bf94e66","Isurus_oxyrinchus",0.832335071722231,4.51999998092651,32
"477","fish","bce3e52f-f9df-4f58-8ca4-e0b5b374180e","Lamna_nasus",0.799557858214378,4.46000003814697,65
"478","fish","f6e18e4f-113f-4563-bcb3-5512214fb513","Acipenser_fulvescens",0.76614405939262,3.27999997138977,152
"479","fish","bc28ae36-395f-4016-9cf0-fe4d03126ec8","Cyclopterus_lumpus",0.561099182176945,3.64000010490417,13
"480","fish","0e94d2e2-10dd-415d-b12c-b68d7e86b57b","Anguilla_rostrata",0.685716795197364,3.82999992370605,43
"481","fish","6c6ddf6a-0f98-48a4-9f3c-8d4652780440","Merluccius_bilinearis",0.591108123418365,4.48999977111816,12
"482","fish","345f8392-1440-4a9a-b4d5-aecea43060b2","Scomber_scombrus",0.568220056563708,3.63000011444092,17
"483","fish","9a98c7a0-0f6b-4120-8b2d-6b3cafad98e3","Sebastes_norvegicus",0.628566409605271,4.03999996185303,60
"484","fish","7b1e5835-8e35-46c9-9ae1-2f057ef0b032","Anoplopoma_fimbria",0.653451745373385,3.83999991416931,94
"485","fish","dcf02c5b-e343-496a-8a42-b171a3485aa4","Antimora_microlepis",0.589300263060022,3.5,20
"486","fish","26f46c1b-1717-4df5-a881-6a5f9e994550","Apeltes_quadracus",0.253368827905243,3.23000001907349,3
"487","fish","e80020a9-f874-452a-92af-3ca4d551d1b9","Notropis_dorsalis",0.283826015336999,2.85999989509583,NA
"488","fish","3f191f30-a325-4d52-9ce4-b797d1b890b5","Morone_saxatilis",0.723175081384271,4.65000009536743,30
"489","fish","aa8ba00e-7e0d-4da9-bdd2-d50aa8c6884b","Brevoortia_tyrannus",0.533957737826272,3.23000001907349,NA
"490","fish","f03c74cb-5664-4054-a8be-3e12394d533f","Apristurus_brunneus",0.577919385385317,3.94000005722046,NA
"491","fish","547b6814-6358-4579-bf21-0ce8a014efac","Atheresthes_stomias",0.604768660958856,4.17000007629395,23
"492","fish","409ede8d-db6f-4900-9bc2-3cf4cf9fe1c3","Aulorhynchus_flavidus",0.3945110658045,3.39000010490417,9
"493","fish","d8ce7afa-55b9-4109-8595-4e96ad7bf76f","Bathyraja_aleutica",0.693568308760674,4.1399998664856,NA
"494","fish","05a38f79-b76f-4558-a6af-916da2541fe1","Bathyraja_interrupta",0.607980372942564,3.44000005722046,21
"495","fish","2428f6a9-3b2d-4a26-a25d-161bffb32f2c","Bathyraja_trachura",0.615693807119691,3.99000000953674,20
"496","fish","1f66a748-3058-4eca-a634-abb4ca42df16","Beringraja_binoculata",0.750316525734944,3.92000007629395,NA
"497","fish","b7eb5b46-7d3f-4d62-bc01-d852a8ed4f2b","Acipenser_brevirostrum",0.677385917281133,3.25,67
"498","fish","4a2bcb24-778c-4817-9065-26e0b917bbfe","Acipenser_medirostris",0.764136795840886,3.51999998092651,60
"499","fish","5af06d03-3f29-4ced-89d8-02c416e34cdb","Agonopsis_vulsa",0.408891876581635,3.26999998092651,NA
"500","fish","1dc8575b-0b7a-435d-98be-308f0ac0b9fd","Bothrocara_brunneum",0.587468135395793,3.50999999046326,NA
"501","fish","817baf87-56d5-492f-9bfe-01e61c447a34","Alepocephalus_tenebrosus",0.561099182176945,3.5,NA
"502","fish","42952610-d28b-468f-ae29-084527180823","Allosmerus_elongatus",0.427373451120434,3.25,NA
"503","fish","15526e58-1660-411c-aa27-c07b974676bf","Brachyistius_frenatus",0.421900902328549,3.5,NA
"504","fish","47e9b04f-56c3-47d3-8afe-51c627fa0bc7","Catostomus_commersonii",0.56976821975522,2.8199999332428,12
"505","fish","9ed0b64f-c3fc-4154-9145-340626abf9f6","Ammodytes_americanus",0.43090360175666,3.16000008583069,NA
"506","fish","68ad183e-608c-4cc0-827c-9c7670b9ed60","Artediellus_atlanticus",0.404223410107953,3.5699999332428,NA
"507","fish","073f21a4-0d13-4b08-ae52-da0012c84a90","Bathyagonus_nigripinnis",0.43490993237855,3.25,9
"508","fish","5f419485-6cf9-4d9b-ad7c-da26ade70d3f","Bathyagonus_pentacanthus",0.427968188372567,3.24000000953674,NA
"509","fish","a55083d4-5c47-4730-b864-fda770dbbcb8","Bathylagus_euryops",0.350093686731584,3.33999991416931,NA
"510","fish","210b2d90-2638-45db-9947-82e55d1c223a","Bathymaster_signatus",0.496499451639365,3.75999999046326,9
"511","fish","0c7f4688-9b6f-42a7-9dd2-1f9cf4da5be5","Bathyraja_abyssicola",0.690134380184168,4.13000011444092,NA
"512","fish","55cf527d-392c-47ad-a521-e62c1823d99d","Bathyraja_minispinosa",0.602309288806936,3.83999991416931,37
"513","fish","8b43e8af-4c1a-4b10-9dc1-547a8c2d473f","Bathyraja_parmifera",0.669528124061887,4.19000005722046,17
"514","fish","63a21249-7937-4724-a20d-d81d06f1b81d","Bryozoichthys_marjorius",0.464234401815386,3.51999998092651,NA
"515","fish","364ad31a-b695-44a7-a172-2f10343e15bb","Careproctus_colletti",0.516509574107548,3.33999991416931,6
"516","fish","ed494adb-e3b8-49b4-8bcd-bcdf36baeef0","Careproctus_furcellus",NA,3.32999992370605,NA
"517","fish","8b8ca1f6-99b7-48a5-8fc0-0b35f1298aed","Careproctus_gilberti",0.298377328045693,3.16000008583069,NA
"518","fish","b0587540-789d-490a-93cd-8b0467edd054","Careproctus_melanurus",0.54446226281725,3.35999989509583,8
"519","fish","a5d501a1-965a-4e5d-a426-302b2adbc39d","Careproctus_ranula",NA,3.1800000667572,NA
"520","fish","9a984e89-0cda-45da-9d12-5f2da36ebeaf","Careproctus_reinhardti",0.464234401815386,3.75,NA
"521","fish","2425e63f-19a9-42a6-8dc8-67a7975b230c","Carpiodes_cyprinus",0.571852099341299,2.58999991416931,11
"522","fish","bfa8b795-2825-4614-b9db-89c805f229a0","Chauliodus_macouni",0.461011853192019,4.5,8
"523","fish","95b1f0cb-9aec-4282-adb6-ccb21a2c392c","Chauliodus_sloani",NA,4.19999980926514,NA
"524","fish","8a5d6872-9913-4ea9-bc7f-14d37c2d76a7","Chiasmodon_niger",0.456307056746395,4.19999980926514,NA
"525","fish","d4ffc829-8381-4eba-ab53-6331cdbf8a58","Chitonotus_pugetensis",0.427968188372567,3.54999995231628,NA
"526","fish","03090512-a740-4801-a36c-c8cead693de7","Coregonus_hoyi",0.492859463616794,3.25999999046326,11
"527","fish","b96d2bf7-a386-4b54-8178-5e4dd552565d","Coregonus_zenithicus",0.503500548360635,3.34999990463257,11
"528","fish","698dd432-fdbc-43ac-8d0a-80bb3285cc28","Cottunculus_thomsonii",0.513371701163564,3.5,NA
"529","fish","cab3ccc8-22cd-4d75-a8a0-349fb931dd64","Cryptacanthodes_aleutensis",0.464234401815386,3,NA
"530","fish","5eaf4f3a-a667-4fa8-8408-79c4cf92fd5b","Cryptacanthodes_giganteus",0.649996080757084,3.04999995231628,NA
"531","fish","0e0bd18d-47b8-4939-bcd3-43300d1cad5e","Cryptacanthodes_maculatus",0.624408987856486,3.03999996185303,NA
"532","fish","a77aa75d-7827-44ab-82d6-38d159db876f","Dasycottus_setiger",0.58561108006067,3.86999988555908,11
"533","fish","50c1f052-bee6-43df-84f2-c5424b40eb95","Diaphus_theta",0.332167439282168,3.19000005722046,NA
"534","fish","10d3f143-241d-4265-8d53-5d9fbe5891c2","Dibranchus_atlanticus",0.501437671131865,3.42000007629395,NA
"535","fish","70f7aca0-8553-46ac-aa54-b7fe6b896959","Engraulis_mordax",0.45826229863011,3.09999990463257,7
"536","fish","f48f609d-b8b4-49a2-916a-9082a900cbf9","Enophrys_bison",0.492859463616794,3.33999991416931,NA
"537","fish","d85090eb-9f99-4834-ba44-d892ffcc1c4d","Eptatretus_deani",0.566581503918748,3.76999998092651,NA
"538","fish","18510b97-ae36-4763-9b00-1f9f04e55a30","Eumesogrammus_praecisus",0.421900902328549,3.5,NA
"539","fish","7d9b0ae6-2b79-4426-bad8-ffd606972b22","Eumicrotremus_spinosus",NA,3.24000000953674,NA
"540","fish","7eb37912-8efc-4cc2-a8d6-213ad8272314","Foetorepus_agassizii",0.435472775975735,3.36999988555908,NA
"541","fish","16d254d9-c615-4ad4-adfa-94aec3584df6","Gadus_ogac",NA,NA,NA
"542","fish","ed867421-afbf-4cbd-bcd7-c1d5dc889645","Gaidropsarus_ensis",0.503500548360635,3.38000011444092,NA
"543","fish","d177ecc0-0e05-49ea-81e8-d0313c6614c0","Gasterosteus_wheatlandi",0.276824916902987,3.27999997138977,1
"544","fish","c738216f-c641-4252-805f-e20163ff5056","Gymnelus_viridis",0.549426135725105,3.05999994277954,NA
"545","fish","b8ef3025-c643-466b-ba3c-50976406d8db","Gymnocanthus_tricuspis",0.464234401815386,3.27999997138977,NA
"546","fish","e60bd651-7e56-499b-9b82-c66f15b6658d","Halargyreus_johnsonii",0.549426135725105,3.38000011444092,NA
"547","fish","4cdbb069-3a8e-4f37-abf4-92595a6e052d","Harriotta_raleighana",NA,3.54999995231628,NA
"548","fish","78e4fb8a-0ca0-4db6-8c83-95f38eb96c9d","Hemilepidotus_spinosus",0.459607129476642,3.5,NA
"549","fish","9c450e5e-15f5-41be-83fd-ebb4b0037141","Citharichthys_sordidus",0.506870879143833,3.46000003814697,9
"550","fish","63a8b6e8-6e26-4d01-93a8-c7e186afdc41","Clupea_harengus",0.539285561842665,3.38000011444092,25
"551","fish","c66a511e-5e71-4ff2-8a89-8bc6742a36bb","Icelinus_burchami",0.350093686731584,3.53999996185303,NA
"552","fish","831780bb-34e0-4851-afc6-5640a5533ce4","Icelinus_tenuis",0.360208792167106,3.59999990463257,NA
"553","fish","82637b74-69b7-40e1-a50b-81c166a30a8a","Icelus_spatula",0.415551317400857,3.92000007629395,7
"554","fish","7917804d-70e5-46d2-b775-ca555de43934","Icosteus_aenigmaticus",0.731770603765816,4.5,NA
"555","fish","d1560c40-fec9-4d45-924d-89eba4733fad","Leptoclinus_maculatus",0.408891876581635,3.27999997138977,NA
"556","fish","02f27ad8-e503-4cf1-b0cd-1d531e3508fe","Clupea_pallasii",NA,NA,NA
"557","fish","3efb70dd-8c1e-4bd7-a0ac-1aabeabe15a2","Coregonus_artedi",0.551841976873116,3.34999990463257,11
"558","fish","e8c7b4ed-c88c-458a-8eb2-bd868315b290","Leuroglossus_schmidti",0.424294448604336,3.41000008583069,NA
"559","fish","7db81e69-14bd-4d18-89d0-034a3ef25535","Limanda_aspera",0.531200240776213,3.49000000953674,34
"560","fish","8fb27db1-cb85-4410-96ae-07271e35aec9","Liparis_atlanticus",0.350093686731584,3.27999997138977,NA
"561","fish","ccabf111-64d5-43f1-83e8-a482be232c6e","Liparis_fabricii",0.415551317400857,3.32999992370605,NA
"562","fish","045015dc-e53f-4880-a5f7-a1ba13d27b8d","Liparis_gibbus",0.539311030289583,3.74000000953674,NA
"563","fish","39ddf157-ce58-46ba-a7f3-ca389db588f5","Liparis_tunicatus",0.378434687115998,3.5,NA
"564","fish","1c2c9362-2ddc-4912-b35b-33b3fc323c2f","Lumpenus_fabricii",NA,3.27999997138977,NA
"565","fish","1a7228da-5cbd-48ba-a90a-3d1e5e1b55c2","Lumpenus_sagitta",0.53666062736946,3.28999996185303,8
"566","fish","495eab43-6776-44b5-b26e-a718aea690fe","Lycenchelys_crotalinus",NA,3.45000004768372,NA
"567","fish","814cf26c-2497-4e69-abd5-f3440cb8d3a8","Lycenchelys_verrillii",0.439349066047272,3.34999990463257,NA
"568","fish","9e3c1dbc-40a2-449e-8947-689a217eec70","Lycodapus_mandibularis",0.408891876581635,3.3199999332428,NA
"569","fish","e7fcfb46-b10f-4650-9bb6-95891a23e7cd","Lycodes_brevipes",0.464234401815386,4.21000003814697,NA
"570","fish","5abab3f1-4214-41eb-bb8a-61406388e599","Lycodes_esmarkii",0.589300263060022,3.91000008583069,NA
"571","fish","dc19aa56-3f7b-4b8f-bcbb-3df808a4d773","Lycodes_lavalaei",0.549426135725105,3.9300000667572,NA
"572","fish","19e6f5ab-5185-4bab-a021-e1c707856055","Lycodes_palearis",0.53666062736946,3.48000001907349,NA
"573","fish","ea439c0b-bb0d-45b1-8ff7-36700203d422","Lycodes_pallidus",0.444702358510584,3.14000010490417,NA
"574","fish","e2a57ec4-0196-4240-8c12-a4e4a43877e1","Lycodes_reticulatus",0.489119737583499,3.49000000953674,NA
"575","fish","4a10d220-a88f-4820-9c2e-b15c35874bb6","Lycodes_terraenovae",0.520182213988405,3.45000004768372,NA
"576","fish","35943158-af3d-4afd-ba3f-33543a6d26c5","Lycodes_vahlii",0.539311030289583,3.40000009536743,NA
"577","fish","d0f41f42-f5ae-4a92-80e7-c216bc3f2d1b","Lycodonus_mirabilis",NA,3.49000000953674,NA
"578","fish","967754f7-7dbd-4f7a-9b6f-43d76fa84507","Magnisudis_atlantica",0.563437778252949,4.1399998664856,NA
"579","fish","3771f075-abf4-4e54-8541-c4b2b366894d","Malacocottus_kincaidi",0.408891876581635,3.40000009536743,NA
"580","fish","fd62c2bd-7c35-4234-98e2-c246cf7ed4f5","Malacocottus_zonurus",NA,3.78999996185303,12
"581","fish","b060fa64-ce3d-4998-8c70-081e5e46b6ec","Melanostigma_atlanticum",0.369625730036386,3.17000007629395,NA
"582","fish","b3a645a4-038a-4db6-ae14-4c774d6c09dc","Menidia_menidia",0.369625730036386,3.19000005722046,2
"583","fish","f6248a9b-86fc-4ba3-a7cb-4354a9e998c2","Microgadus_tomcod",0.496858162441473,3.80999994277954,NA
"584","fish","14740eed-b0fa-4053-b8dd-c4e5b2e9b670","Myoxocephalus_aenaeus",0.3945110658045,3.44000005722046,NA
"585","fish","262ac33f-e247-4314-8e63-e5e29249ebec","Myoxocephalus_polyacanthocephalus",0.598109220139634,3.75999999046326,17
"586","fish","407649e9-7347-40e2-bc90-c52b6d2ac72e","Myoxocephalus_scorpioides",0.421900902328549,3.39000010490417,NA
"587","fish","f32cadca-782e-4085-b784-40b3b718efdd","Nannobrachium_regale",NA,NA,NA
"588","fish","71c24620-9bbc-41ea-aa16-31586a4ee765","Nemichthys_scolopaceus",0.66437689153422,3.4300000667572,NA
"589","fish","b4660225-79ba-4572-b1db-f22570b9affd","Coregonus_clupeaformis",0.628566409605271,3.23000001907349,50
"590","fish","e22a7999-4c1a-4b09-8c9d-1b94840c2bc9","Paralepis_coregonoides",NA,4.07000017166138,NA
"591","fish","6f1a49b2-dd8b-45fc-9f39-8d1383c02ff2","Pholis_gunnellus",NA,3.53999996185303,5
"592","fish","b64cf266-55a5-43e6-a771-36104cbbc824","Pleuronectes_putnami",0.464234401815386,3.41000008583069,NA
"593","fish","8a78d5fa-b384-45f8-8ec9-4097ddc49a51","Pleuronichthys_coenosus",0.489119737583499,3.16000008583069,NA
"594","fish","aa0dfa8f-4036-4d52-8134-55c98084ba80","Polyacanthonotus_rissoanus",NA,3.49000000953674,NA
"595","fish","3f57aa1a-8158-4904-b9f8-f43e62fbf18c","Polymixia_lowei",0.408891876581635,4.01000022888184,NA
"596","fish","a58a3a6f-9343-4b49-99e0-4f4829f0550e","Poroclinus_rothrocki",0.439349066047272,3.22000002861023,NA
"597","fish","6e2a3721-d91a-42f4-9655-ef9bb09a0acf","Poromitra_crassiceps",NA,3.09999990463257,8.5
"598","fish","c8a60590-8df5-438e-8596-ad52d44557aa","Pseudobathylagus_milleri",0.419396403983139,4.21999979019165,NA
"599","fish","cf71002a-4cf0-404a-9f93-1999c46a030d","Psychrolutes_paradoxus",0.265600120388107,3.17000007629395,NA
"600","fish","2a79977c-5d61-4a0f-9cad-8486c727478e","Psychrolutes_phrictus",0.579883325190742,3.48000001907349,NA
"601","fish","4d467d15-66cb-4bbb-a318-d26829a673e8","Radulinus_asprellus",0.369625730036386,3.36999988555908,NA
"602","fish","dad2158c-4768-4272-a052-dc5dd74f8381","Rajella_fyllae",0.558843073594385,3.36999988555908,NA
"603","fish","2ade0936-2f31-436c-8fdf-9e118b777286","Rhinochimaera_atlantica",0.674491996969742,3.54999995231628,NA
"604","fish","7b7ee84e-f82f-44b1-8c78-2b308eec1464","Ronquilus_jordani",0.408891876581635,3.13000011444092,NA
"605","fish","ffc57449-87c6-47a0-8dc5-c23ccf389aac","Sagamichthys_abei",0.477243427562299,3.09999990463257,NA
"606","fish","dd1f0ce0-082e-427e-95e3-010861c880b5","Coryphaenoides_acrolepis",0.633919702068583,3.79999995231628,73
"607","fish","9ce9df11-2135-4ab3-b19f-d11166fee528","Coryphaenoides_cinereus",0.571852099341299,3.57999992370605,10
"608","fish","6ca459ca-baa2-4993-95dd-f954015a6781","Culaea_inconstans",0.295275118694379,3.19000005722046,2
"609","fish","abf964fb-a530-4df3-9421-65246e975c1f","Cymatogaster_aggregata",0.410924039932323,2.99000000953674,9
"610","fish","8e576cd8-fd93-42f5-aaf6-c77acad4a2ab","Scomber_japonicus",0.567652030673997,3.38000011444092,18
"611","fish","c766dd42-618e-4907-ac53-1d07f529f4d9","Scomberesox_saurus",0.533957737826272,3.83999991416931,NA
"612","fish","aacafea8-4490-43c9-97d2-a130ada78d85","Scorpaenichthys_marmoratus",0.627194624575049,3.61999988555908,13
"613","fish","7bba458f-febd-43c2-b77f-f1020038ccc6","Sebastes_aleutianus",0.624408987856486,3.51999998092651,205
"614","fish","cef56370-824d-4580-a5a0-7b4609154a23","Dipturus_laevis",0.695253409936741,4.03000020980835,12.5648002624512
"615","fish","5dd23e50-e17c-42a1-8de8-6683e464eb24","Sebastes_emphaeus",0.3945110658045,3.28999996185303,NA
"616","fish","1869e9c6-41ab-4553-a1ef-86a2204a7a8d","Embassichthys_bathybius",0.525512273535659,3.19000005722046,NA
"617","fish","bc83fbc9-0a1e-4c7d-8ca8-5f3ead1abd75","Sebastes_goodei",0.549426135725105,3.46000003814697,35
"618","fish","e31a2373-a058-48ba-b96e-253048d624d0","Sebastes_jordani",0.473043358894998,3.20000004768372,31
"619","fish","71521e24-f3d7-4b6a-a860-fee279df8046","Embiotoca_lateralis",0.496499451639365,3.32999992370605,10
"620","fish","43edeaf5-84e1-44e2-8601-4045415ee45d","Eopsetta_jordani",0.541910946261987,4.09999990463257,35
"621","fish","60b727ab-6f80-411a-967d-293d836b0680","Sebastes_melanostomus",0.561099182176945,3.80999994277954,90
"622","fish","d437ee00-4215-468b-bb02-7f66f0474650","Esox_lucius",0.67892254229199,4.07000017166138,30
"623","fish","d0b4fce8-03b7-4afb-9b38-221f8edf1c0f","Sebastes_nigrocinctus",0.561099182176945,3.51999998092651,116
"624","fish","aaff52ef-6b54-4de5-b716-47b627c74542","Serrivomer_beanii",0.594653555523334,3.88000011444092,NA
"625","fish","d01b74cf-b1b7-47d2-9b01-9084fe2d5ee5","Sigmops_elongatus",0.452358091794186,3.29999995231628,NA
"626","fish","e44c2b09-6364-485a-b401-64805a4bd80b","Simenchelys_parasitica",0.561099182176945,3.6800000667572,NA
"627","fish","86711e07-7623-4086-bcc1-b70e48da8512","Somniosus_microcephalus",0.826699302565051,4.21999979019165,392
"628","fish","af43aa71-43aa-4c28-9a5b-31a0936575f8","Stenobrachius_leucopsarus",0.350093686731584,3.17000007629395,8
"629","fish","4e5878ba-0597-4664-8890-12bd2ad49098","Stenobrachius_nannochir",NA,3.03999996185303,NA
"630","fish","da099654-caf6-40c5-9a34-feca7dae4d92","Stichaeus_punctatus",NA,NA,NA
"631","fish","3b13ac04-d3da-454a-a5df-722be680d86c","Stomias_boa",NA,NA,NA
"632","fish","88a8ddfa-c433-4c96-9b25-de26016a25e4","Syngnathus_fuscus",0.477243427562299,3.33999991416931,NA
"633","fish","524a6770-e052-462b-9b08-53b1f46a69eb","Tactostoma_macropus",0.482517153325686,4.51000022888184,NA
"634","fish","ebdbae55-e42c-46b6-8b79-66ca38a092d0","Talismania_bifurcata",NA,3.47000002861023,NA
"635","fish","685d164f-e1b5-48bd-a799-b4632aa12656","Tetronarce_nobiliana",0.708794270607136,4.5,NA
"636","fish","31eab6bf-87a1-46a4-a2bf-41798c065c76","Trachurus_symmetricus",0.599804788051001,3.5699999332428,30
"637","fish","75eab8d1-29cc-41e6-b9f7-1f76803e6a8f","Trichodon_trichodon",0.466490510397945,3.95000004768372,NA
"638","fish","3971e429-7aa7-4230-adcc-3f710c5f6453","Triglops_macellus",NA,3.3199999332428,NA
"639","fish","4a0598b8-74f3-4952-8514-aaf5a48bc215","Triglops_pingelii",0.408891876581635,3.42000007629395,6
"640","fish","11b4616a-a648-44bf-b148-8d98ecab8a9c","Ulvaria_subbifurcata",0.3945110658045,3.27999997138977,NA
"641","fish","dbf489d4-25c0-4dc8-9c28-8636a00e53a5","Xeneretmus_latifrons",0.401890779860366,3.20000004768372,NA
"642","fish","62e36b7f-c8ad-42f3-9da5-53c668798786","Xeneretmus_leiops",0.433777212349749,3.25,NA
"643","fish","17e6afc1-6118-4272-9e99-d90b25776dfa","Xeneretmus_triacanthus",0.3945110658045,3.22000002861023,NA
"644","fish","63f79084-a526-434e-a20c-5a921c0ae044","Zenopsis_conchifer",0.598109220139634,4.44999980926514,NA
"645","fish","1812d626-402c-4c91-9810-9a9eb3c248ed","Esox_masquinongy",0.711050379189695,4.5,30
"646","fish","29516d34-44d8-454a-9a99-563dd5831da7","Fundulus_diaphanus",0.350093686731584,3.29999995231628,NA
"647","fish","0e318df4-6c31-4dc6-bced-707c4b6e7476","Fundulus_heteroclitus",0.369625730036386,3.58999991416931,4
"648","fish","941e1343-dc0a-4017-b048-1877b167cffe","Gadus_chalcogrammus",NA,3.5699999332428,28
"649","fish","d411addb-bc3e-4b21-ac2b-ab9071e31404","Gadus_macrocephalus",0.652309550744817,3.77999997138977,25
"650","fish","a7595524-ccda-4e0c-9638-7f7f71f6d702","Gadus_morhua",0.723175081384271,4.09000015258789,25
"651","fish","c7e90c56-8c27-43a4-9697-57c9a4132fee","Gasterosteus_aculeatus",0.327292230549549,3.30999994277954,8
"652","fish","137385d2-8d6e-42b1-9420-fef185bb9322","Glyptocephalus_cynoglossus",NA,3.17000007629395,25
"653","fish","3a0a4884-d23f-440e-8983-b9f1d0f32a8f","Glyptocephalus_zachirus",0.558843073594385,3.25,27
"654","fish","e7b5fd45-504f-4c0a-a842-5e6eebdd7d09","Hemilepidotus_hemilepidotus",0.53666062736946,3.52999997138977,NA
"655","fish","8a66a36b-6360-4ad8-b9cf-4fe02a40681f","Hemitripterus_bolini",0.58561108006067,4.48999977111816,23
"656","fish","d8db357b-6476-410e-8a02-b32992c5b420","Hexagrammos_decagrammus",0.561099182176945,3.58999991416931,18
"657","fish","433c1f3d-4f68-4627-ac57-3e6fd58ccfd8","Hexanchus_griseus",0.843236621813925,4.48000001907349,NA
"658","fish","dc509515-d872-4d71-bb0e-922b787ca049","Hippoglossoides_elassodon",NA,3.67000007629395,27
"659","fish","9dd51e04-76b0-445c-a4b2-3343df36e3d5","Hippoglossoides_platessoides",0.602474630293136,3.73000001907349,30
"660","fish","70b69ec9-ebc1-487e-adff-dd987fe42cfb","Hippoglossus_hippoglossus",0.839795478338295,4,50
"661","fish","e613ed1c-b1b5-4e0d-9ff0-d6b0c07fad55","Hippoglossus_stenolepis",0.757931569955314,4.1399998664856,55
"662","fish","a4bd8140-8df8-4da1-8379-8a5a2c26826c","Hydrolagus_colliei",0.628566409605271,3.6800000667572,14.0638999938965
"663","fish","1bae8c55-4866-4e25-ab15-2b9f0cf9c633","Icelinus_filamentosus",0.44985359103825,3.45000004768372,NA
"664","fish","2c5eadca-a689-44d8-adda-705519d591b5","Isopsetta_isolepis",0.546966763573185,3.58999991416931,11
"665","fish","6b9b326a-3831-496c-a591-65c159a0fa56","Labidesthes_sicculus",0.350093686731584,3.34999990463257,2
"666","fish","0a836035-a997-4a40-b3fa-5bfa9b95ec96","Lepidopsetta_bilineata",0.554215801255641,3.1800000667572,26
"667","fish","88a8b74b-2312-48c0-b71a-e402b3372f4b","Lepomis_gibbosus",0.503500548360635,3.25,12
"668","fish","8d9bd076-8667-41c1-8b70-f06305059e8e","Lepomis_macrochirus",0.506870879143833,3.24000000953674,10
"669","fish","28581280-aa19-47b4-afe7-e238b2e58dcb","Leptocottus_armatus",0.522576860151567,3.6800000667572,10
"670","fish","a214f3db-932a-490a-ba8c-56a0a67746ae","Leucoraja_erinacea",0.54446226281725,3.60999989509583,12
"671","fish","1772af9b-de81-4c8c-ab5b-b7786821e1be","Leucoraja_ocellata",0.641575435352185,4.42999982833862,20.7999992370605
"672","fish","b7660020-16aa-4592-8646-450392d33b85","Limanda_ferruginea",0.567652030673997,3.27999997138977,12
"673","fish","e8280e57-f2c4-404a-97aa-9dc7bbfd8539","Lophius_americanus",0.653451745373385,4.51000022888184,30
"674","fish","64d4d6f7-68d0-4304-939d-296cce410e3d","Lota_lota",0.685716795197364,3.83999991416931,20
"675","fish","5d4bbe26-c91e-4707-b4d2-f65596924e44","Lycodes_cortezianus",0.533957737826272,3.46000003814697,NA
"676","fish","22eea12f-2c79-45ec-aadc-d3462d946606","Lycodes_diapterus",0.477243427562299,3.40000009536743,NA
"677","fish","cf1a1609-6d9b-4372-abdc-a27d1b8f4b73","Lycodes_pacificus",0.522576860151567,3.27999997138977,5
"678","fish","0e8d3bb8-0f4b-4652-b2c4-d70aefec9833","Lyopsetta_exilis",0.485274653411743,3.45000004768372,NA
"679","fish","60042a65-f47c-4b57-8da4-d92cb2d2cda6","Macrourus_berglax",0.641575435352185,3.71000003814697,25
"680","fish","33afb3a9-4338-4bbd-ba2f-da67bec3412d","Malacoraja_senta",0.561099182176945,3.47000002861023,15
"681","fish","6b699b23-0202-4099-847e-e41c028e63c4","Melanogrammus_aeglefinus",0.644034807504105,4.03000020980835,20
"682","fish","4c4f4ee4-4d73-4f4e-90e9-cf5f74b19539","Merluccius_albidus",0.505532711711323,4.23000001907349,4.14799976348877
"683","fish","12af7b06-3816-4964-8770-02e591604b1b","Merluccius_productus",0.615693807119691,4.32000017166138,16
"684","fish","6ee4c1c4-e800-472b-bba7-6784d0ba05cf","Microgadus_proximus",NA,3.57999992370605,NA
"685","fish","20c1c171-4f4b-4f71-9cd3-c61c8a2b94bc","Micropterus_dolomieu",0.577919385385317,3.55999994277954,26
"686","fish","bfd8ffe2-e56f-4e1b-97b9-7cc78093fdd8","Micropterus_salmoides",0.624408987856486,3.83999991416931,23
"687","fish","17e5f5f5-f233-4e66-a009-f1c57909a4e9","Microstomus_pacificus",0.591108123418365,3.22000002861023,56
"688","fish","7c43c42e-f582-4761-8bca-2ac49a183c08","Morone_americana",0.554215801255641,3.14000010490417,16
"689","fish","dc96da3b-4ebc-4d24-b2c7-53730d651f55","Myoxocephalus_octodecemspinosus",0.522576860151567,3.61999988555908,11
"690","fish","0b838cf0-71d3-4a20-8eaa-6f74560b3441","Myxine_glutinosa",0.621565312884002,3.44000005722046,NA
"691","fish","25d948bf-277b-4d70-a5d0-0999dcdf01ba","Notemigonus_crysoleucas",0.473043358894998,2.65000009536743,9
"692","fish","23bbba2f-ed47-4e1f-9f6b-8177e6e92a53","Notropis_hudsonius",0.369625730036386,2.10999989509583,5
"693","fish","9261270c-e485-4cf9-97d2-1fec0e41a08f","Parasalmo_clarkii",NA,NA,NA
"694","fish","5f0cc7ce-d8f9-436f-a7d9-f035bc7975c9","Oncorhynchus_gorbuscha",0.591108123418365,4.48999977111816,3
"695","fish","fda5b29a-3667-42f9-8713-2d2bb12047c5","Oncorhynchus_keta",0.630875320067782,3.74000000953674,7
"696","fish","c48e062e-5111-41c4-8e4e-5d20ed387e81","Oncorhynchus_kisutch",0.639007725614195,4.17999982833862,5
"697","fish","da2d8c4a-222f-4219-825a-e0282824ed9c","Oncorhynchus_mykiss",0.655707853955944,4.07999992370605,11
"698","fish","e5d8756c-a536-4360-a033-802d6e186864","Oncorhynchus_nerka",0.604768660958856,3.53999996185303,8
"699","fish","3d8653cd-930d-486c-abdb-2bc1bf13146f","Oncorhynchus_tshawytscha",0.683908934839022,4.40000009536743,9
"700","fish","9d41c703-6b25-4b53-87bb-82529f543fd8","Ophiodon_elongatus",0.685716795197364,4.53000020980835,25
"701","fish","6118d022-84e9-46d0-9e0a-ec2db90c82fb","Osmerus_mordax",0.487594671603692,3.45000004768372,7
"702","fish","44f58606-af6e-43a3-9ef6-f57648b0b5c0","Oxylebius_pictus",0.439349066047272,3.42000007629395,8
"703","fish","89a2626d-dc21-4686-9362-16934dbd58dc","Parophrys_vetulus",0.531200240776213,3.39000010490417,22
"704","fish","fccfd3b9-b1ed-4bf7-8e2b-30fcd9eb4284","Perca_flavescens",0.533957737826272,3.67000007629395,11
"705","fish","aac02fca-f596-4c10-afc1-9d1c4ed6f479","Percina_caprodes",0.3945110658045,3.4300000667572,3
"706","fish","9465e393-b004-4ae0-834e-d2c71735a665","Pimephales_notatus",0.327292230549549,2.66000008583069,5
"707","fish","f983f7c7-9663-4cc6-a927-952a31923172","Platichthys_stellatus",0.615693807119691,3.57999992370605,24
"708","fish","21ddff29-ae99-4425-be01-fe4a474c62b1","Pleuronichthys_decurrens",0.492859463616794,3.84999990463257,NA
"709","fish","13b91510-32e1-4634-ab67-73fb8f39c3c2","Pollachius_virens",0.66437689153422,4.30999994277954,25
"710","fish","cc59bb16-7fef-43a5-825b-0c276fc15ba6","Pomoxis_nigromaculatus",0.531200240776213,3.80999994277954,15
"711","fish","de04993c-8924-4422-8d8b-a800936d43a4","Porichthys_notatus",0.496499451639365,4.03999996185303,NA
"712","fish","df1c1ac6-bfc9-4d1e-8f15-29d642d98be8","Psettichthys_melanostictus",0.565502514413607,4.05999994277954,NA
"713","fish","a2c1c4a8-ef13-459b-90bd-e07e044628f9","Pseudopleuronectes_americanus",0.567652030673997,3.61999988555908,14
"714","fish","4db09a0a-104a-4dd4-8186-6837568f3ae6","Pungitius_pungitius",0.2999023940255,3.3199999332428,5
"715","fish","b51982c9-d9db-4e89-9332-127dcbcc7c0c","Raja_rhina",NA,NA,NA
"716","fish","d0a49622-40b8-408b-9150-def99a584d43","Rhacochilus_vacca",0.541183358397542,3.38000011444092,NA
"717","fish","2c01fd49-1d70-49ec-a2c5-52dcba8c7977","Salmo_salar",0.683908934839022,4.5,13
"718","fish","4be8a423-c3f8-43fb-ad43-69595d7da2bd","Salvelinus_fontinalis",0.621215042415652,3.30999994277954,24
"719","fish","e5e62584-366a-4098-8c0c-38e454add180","Salvelinus_namaycush",0.683908934839022,4.28999996185303,50
"720","fish","7207d6d9-4097-45f0-a731-80218e19b343","Sander_vitreus",NA,4.19000005722046,29
"721","fish","d1ad37d8-837b-4b1d-af36-d57c151a30bd","Sardinops_sagax",0.524414860050609,2.83999991416931,25
"722","fish","d636ff45-ebb7-4ad5-a705-8fa82a748e33","Sebastes_alutus",0.541910946261987,3.48000001907349,103
"723","fish","26c3550d-0349-4d10-98e1-f166052ba791","Sebastes_auriculatus",0.549426135725105,4.03000020980835,34
"724","fish","a73ea0bd-f910-4cfe-8973-1993cd1e1b6b","Sebastes_aurora",0.506870879143833,3.71000003814697,75
"725","fish","ac72dd78-e9c3-4a21-9a7e-869a3e22efc8","Sebastes_babcocki",0.567652030673997,3.8199999332428,106
"726","fish","8be9de98-92c2-4657-a175-ebafefb308e3","Sebastes_borealis",0.63907093459625,4.30999994277954,157
"727","fish","268d4523-19c4-4966-8012-5eec4923a801","Sebastes_brevispinis",0.581819406753066,3.83999991416931,82
"728","fish","fdccf6fd-a5ab-419c-a02f-63049928351c","Sebastes_caurinus",0.554215801255641,4.05999994277954,57
"729","fish","238e392c-a3fc-49f1-b08f-5fe332302463","Sebastes_crameri",0.554215801255641,3.79999995231628,105
"730","fish","1e05aeb9-395a-4e53-8e0f-ac8f1d06100b","Sebastes_diploproa",0.522576860151567,3.74000000953674,86
"731","fish","d49d0883-ea40-4245-b7dc-62e924f98fde","Sebastes_elongatus",0.500044883744334,3.70000004768372,54
"732","fish","0be77a36-16a3-4c9a-b5da-98c2f9e50ffb","Sebastes_entomelas",0.558843073594385,3.70000004768372,60
"733","fish","4cc30007-988e-4a5f-a8ee-551c318ffca0","Sebastes_fasciatus",0.464234401815386,3.24000000953674,21.1065006256104
"734","fish","ba6f5ace-9402-4105-a29a-1028e8606116","Sebastes_flavidus",0.571852099341299,4.15000009536743,64
"735","fish","249b0140-e384-427b-ac6f-cf7e3df4b4be","Sebastes_helvomaculatus",0.506870879143833,3.71000003814697,87
"736","fish","a0da6d54-e76b-44b1-a10b-845eacdec1fa","Sebastes_maliger",0.561099182176945,3.83999991416931,90
"737","fish","9bd99f6f-60d2-4ac3-87dd-1d022e736ec0","Sebastes_melanops",0.565502514413607,4.38000011444092,50
"738","fish","2c3c6d36-ef37-4102-a4b7-706dbd8bbc49","Sebastes_mentella",0.593775793902759,4.11999988555908,75
"739","fish","475d67c3-9d21-4da3-8986-8654da0fabe7","Sebastes_miniatus",0.615693807119691,3.90000009536743,60
"740","fish","27bf2ba0-5a4d-4d21-b407-99e9a0d2b665","Sebastes_nebulosus",0.519576927049136,3.90000009536743,79
"741","fish","4d2cc5dd-6e38-4b9f-b910-1f8c5bf5b4a7","Sebastes_paucispinis",0.615693807119691,3.50999999046326,50
"742","fish","b86c4c5e-0202-4ad5-93ef-c90b05ccf5db","Sebastes_pinniger",0.599175879859779,3.79999995231628,84
"743","fish","bdc83502-d117-4228-bc85-2306e523d8b3","Sebastes_proriger",0.561099182176945,3.80999994277954,55
"744","fish","ddfe5f6e-f424-41c0-b9c4-d11294819b53","Sebastes_reedi",0.554215801255641,3.88000011444092,99
"745","fish","2bba4a6e-5614-4e35-9d62-d6164cc0f4cb","Sebastes_ruberrimus",0.633919702068583,4.42999982833862,118
"746","fish","92526fb5-d9f2-488e-b1c0-ae5b618e6eb5","Sebastes_saxicola",0.496499451639365,3.70000004768372,38
"747","fish","3a23eac3-4094-4aa8-a7c8-eca2cd64334a","Sebastes_variabilis",NA,3.76999998092651,50
"748","fish","408af4b9-8607-46c6-b258-2e9bad4e7403","Sebastes_variegatus",0.496499451639365,3.70000004768372,47
"749","fish","47cf5bda-6b16-4d43-8e30-a589ae2e290d","Sebastes_wilsoni",0.427968188372567,3.57999992370605,26
"750","fish","59573690-f9f9-4dee-bf75-9329d15f3e18","Sebastes_zacentrus",0.500044883744334,3.70000004768372,58
"751","fish","d778b95b-ddb8-4af8-975c-ebc3f46a49ec","Sebastolobus_alascanus",0.625498802243389,3.61999988555908,100
"752","fish","400be96a-bd01-4f89-aa79-b9a5d9022aee","Sebastolobus_altivelis",0.500044883744334,3.32999992370605,45
"753","fish","c0c5f627-bbaa-4480-9252-7c2e51d3fc72","Squalus_acanthias",0.621565312884002,4.36999988555908,75
"754","fish","41f38047-1a21-4369-8d2a-c3363544f595","Squalus_suckleyi",0.674491996969742,4.51000022888184,70
"755","fish","1bae0317-fb0f-4d1c-8dc7-0c07c79faf57","Thaleichthys_pacificus",0.48131810213571,3.25,5
"756","fish","cc111132-4025-4ffc-83fc-214b0e7a03e1","Urophycis_tenuis",0.667490900248472,4.26999998092651,23
"757","fish","5c0a5430-b9da-4079-b337-79d1ab18dd11","Zaprora_silenus",0.611118245886548,3.71000003814697,9
"758","mammals","4a0e1357-94de-474f-9687-2d8c5551a1cb","Mustela_erminea",0.299701347359752,3,85.23
"759","mammals","f3847f6d-af2f-4d7b-b6a9-ebf0b2028a4f","Blarina_brevicauda",0.154923301446991,2,33
"760","mammals","ff597e91-69f4-4351-b09b-cbae7eedd046","Napaeozapus_insignis",0.164540784041617,2,48
"761","mammals","fa090216-dd68-4956-b352-3ff9bafaf522","Myodes_gapperi",0.158433712693711,2,20
"762","mammals","1e88a084-5ece-43d4-9e5e-28648ad9341e","Alces_americanus",0.700203776867933,1,300
"763","mammals","b7e9123b-613c-4263-8787-0ecf13af72ed","Glaucomys_sabrinus",0.261148781562238,2,156
"764","mammals","58e71228-7d70-4d29-93dd-2d155cb49e1b","Tamias_striatus",NA,NA,NA
"765","mammals","85770c79-577f-469e-967a-ce38af5add4e","Antilocapra_americana",0.571078785288487,1,144
"766","mammals","97b7ff17-c672-46c8-b058-2046b7a6646f","Pusa_hispida",0.592425907847901,2,552
"767","mammals","c98106aa-5477-4abe-9ed3-13eb434d93c2","Eschrichtius_robustus",0.908177562434374,2,924
"768","mammals","71338cc3-8297-465e-8112-62e7538127fc","Lepus_arcticus",0.445104762023976,1,84
"769","mammals","587fbc94-6e9c-46fb-b01c-24f06d019e92","Megaptera_novaeangliae",0.913132921899771,3,1140
"770","mammals","f60ff81a-d0b1-49dc-91a7-30c5b9e213c6","Lasionycteris_noctivagans",0.127274962129473,3,144
"771","mammals","5d9361e3-4583-4f71-bd53-29ee56ed6f1b","Myotis_septentrionalis",NA,NA,NA
"772","mammals","4805e348-3cf6-4b2f-b091-b0cde4a7ba18","Myotis_lucifugus",0.108945799245373,3,408
"773","mammals","92253064-4e55-462d-8dd8-3f399e9750de","Odobenus_rosmarus",0.734974319960025,2,480
"774","mammals","5067351a-76f2-4176-b749-ef12390173c6","Orcinus_orca",0.824384652470021,3,1200
"775","mammals","b275ba85-c5d3-4bf3-89bf-b96ffb2fccbe","Lynx_canadensis",0.4867848734476,3,321
"776","mammals","21e01245-bf84-4dea-9f29-e0a03c2eba09","Microtus_townsendii",0.209584891137014,1,NA
"777","mammals","8e1a22d1-89cd-4b50-b719-7eb6422ee505","Sorex_cinereus",0.076113443424867,3,23
"778","mammals","88470901-e987-425d-9383-e7691325d87d","Phocoena_phocoena",0.576675602463475,3,180
"779","mammals","9657d515-13d7-4c20-818e-1292f80b305f","Mustela_frenata",0.278297953737757,3,85.23
"780","mammals","7916b91f-b035-47f8-aa8a-a2b622087480","Phoca_vitulina",0.603424538954625,3,480
"781","mammals","c4cf860a-8326-4e90-9cdd-a80711b57bc3","Halichoerus_grypus",0.646732485056902,3,560.07
"782","mammals","93a108d9-5fe8-453d-a658-588653920bb1","Ursus_maritimus",0.680252479580413,2,458.4
"783","mammals","6ea336a9-b685-46a7-b250-c538da70f9e9","Phenacomys_intermedius",0.171144070951538,1,NA
"784","mammals","602c3fa6-59d9-4576-8fa1-a800662f4de0","Microtus_oeconomus",0.185606857162925,NA,21.6
"785","mammals","dae1629a-450e-491b-ba17-2294c13a4ff0","Myodes_rutilus",0.158727107273309,2,NA
"786","mammals","bdf5d8b5-cb15-49c7-bbde-354b20d6769f","Gulo_gulo",0.50155611633151,3,216
"787","mammals","984a215e-183a-4971-91f2-d8715c092b81","Canis_latrans",0.498116077437312,3,262
"788","mammals","73138845-8957-4d9d-ad34-3253ff3ab7f4","Zapus_princeps",0.175194710685624,2,NA
"789","mammals","a5ee7d31-051d-4415-a925-4e77bdae27f3","Microtus_longicaudus",0.201660006089913,1,NA
"790","mammals","fc1e86c2-a7ca-4960-85e4-645d9a720dab","Sorex_vagrans",0.0949421577762654,2,25
"791","mammals","e3a10170-94a1-43dd-8dec-4636a3bb1b90","Ursus_arctos",0.646387073353399,2,600
"792","mammals","93587f1f-3ebc-42b9-b1e2-d01a7168ebda","Puma_concolor",0.577891784826695,3,240
"793","mammals","a18c2b42-c635-4bc4-a6c6-6a9f9d1cb615","Tamias_amoenus",0.208148422072379,2,62
"794","mammals","6bea68e9-f2d7-49c2-889f-1a965ce66b0d","Perognathus_parvus",0.16286997954353,2,48
"795","mammals","ea6ed459-0f79-40a1-a52f-2054ef234168","Reithrodontomys_megalotis",0.125811089912006,NA,18
"796","mammals","d65a1c2b-bea5-4cfe-b58a-d9a6b298e4c3","Zapus_hudsonius",0.15455050248583,2,60
"797","mammals","b44c1551-cf21-47b4-9330-91653763ad3c","Erethizon_dorsata",NA,NA,NA
"798","mammals","f5652945-6961-4888-86ad-64b13ac3ab4f","Martes_pennanti",0.436473544191645,3,121.76
"799","mammals","178c9919-5e3f-4c2b-9571-5f4d13a93504","Sylvilagus_nuttallii",0.354637782735357,1,NA
"800","mammals","b65df758-3131-407f-95aa-568042078f58","Microtus_montanus",0.199299700457492,NA,NA
"801","mammals","56b6b08a-9890-4736-b372-0b1ca1ec6650","Delphinus_delphis",0.598297912856089,NA,240
"802","mammals","6df1fe62-5a13-40fc-8881-f4b48e771b5a","Lagenorhynchus_acutus",0.643679234037527,3,324
"803","mammals","02b81e8c-270a-4388-b2ca-b1f8f6bbb346","Globicephala_melas",0.720906566086839,3,540
"804","mammals","0b1478a1-6547-4422-8f80-bab210f5b51c","Mesoplodon_bidens",0.797647680778942,NA,NA
"805","mammals","4083ae71-cc01-409f-8f6f-8fce40942c40","Balaenoptera_musculus",1,3,1320
"806","mammals","c7bdb47f-a1f2-496f-a58a-b9e2efa6d70d","Balaena_mysticetus",0.964948619213141,3,480
"807","mammals","884bd1c6-c742-44f2-947f-eec677cbd1c4","Tamiasciurus_douglasii",0.287256983321923,2,NA
"808","mammals","a2270c70-41b6-48d0-a8fd-c89c2f4a5152","Sorex_monticolus",0.102596775762869,2,16
"809","mammals","889c6948-115c-4b0b-ab4f-181e620525b0","Balaenoptera_acutorostrata",0.823990598489895,3,600
"810","mammals","49e7fa3c-5296-41f4-9e26-5d55b85ac570","Balaenoptera_physalus",0.937512123417628,3,1392
"811","mammals","8f62d70e-6aa7-4009-9724-3a58b5ef9bcb","Lagenorhynchus_obliquidens",0.615525470321881,3,300
"812","mammals","033f3ac0-c43d-4719-bd0f-7d6666aa46e6","Phocoenoides_dalli",0.61372969003083,3,264
"813","mammals","02302f95-60e2-4d91-8058-68d1a1aae977","Enhydra_lutris",0.541975201638864,2,360
"814","mammals","675257ae-2da4-4e66-8e4f-ecf151b0449a","Spermophilus_parryii",NA,NA,NA
"815","mammals","5a066b23-e639-4abd-bde6-2e2a9fb73df8","Eubalaena_glacialis",0.899040662635839,3,NA
"816","mammals","593dd126-328d-4e59-bd73-7d0f53b36de6","Hyperoodon_ampullatus",0.797544017066172,3,444
"817","mammals","b4bf93e5-b8c2-4ef8-b841-783121b90056","Lontra_canadensis",0.477235802362491,3,300
"818","mammals","bd9f0ba9-1c88-4ccc-a4de-3437dd29c243","Mephitis_mephitis",0.412803324996496,2,155
"819","mammals","e9242cdc-3c7d-4dd2-8038-439b660147c7","Spermophilus_franklinii",NA,NA,NA
"820","mammals","1d055a41-e1de-4f79-a983-e0ebe767ccf2","Neovison_vison",NA,NA,NA
"821","mammals","cbe04a77-83c7-4275-a98f-7ce722713a5e","Pagophilus_groenlandicus",0.625443247839084,2,504
"822","mammals","18d7d3c0-fc70-42aa-991b-e904a831eb47","Martes_americana",0.359209133226916,3,228
"823","mammals","be51faae-e64f-4cc6-bf7a-5328022c4cb0","Myotis_keenii",0.0993574344952692,NA,222
"824","mammals","6a45e72a-84e5-4e6a-9adb-bc23bee70181","Vulpes_velox",0.405417419736962,3,240
"825","mammals","f4c75037-3f95-4586-8a28-0b281d5cd85b","Spermophilus_columbianus",NA,NA,NA
"826","mammals","75ade90f-8514-4b77-9bbf-45fac2c3a5e5","Marmota_vancouverensis",0.454141428263884,1,NA
"827","mammals","ce6a92ae-852b-42e1-80bd-47febdf8ca8f","Bison_bison",0.707777797201399,1,396
"828","mammals","f1113082-c054-4fdf-93a8-310890cb321d","Canis_lupus",0.549779998103359,3,354
"829","mammals","9fbd178a-96ac-4eac-a73f-89d0e9378d2a","Castor_canadensis",0.520034489823116,1,180
"830","mammals","960a6e62-7c55-4cbd-9a48-7e18ce262510","Cervus_elaphus",0.657242016106446,1,321.6
"831","mammals","1023d456-7ff2-49ce-9ed6-2a5e52c56ddf","Lynx_rufus",0.464612385165428,3,388
"832","mammals","680575a7-10c8-4746-ba45-d10cd9d94175","Cynomys_ludovicianus",0.354339845848463,1,102
"833","mammals","552571d5-ec2a-4102-b9bf-5fe6e691dd0c","Delphinapterus_leucas",0.749887122768345,3,480
"834","mammals","6162d2c2-f101-492c-a96f-aa9532604c8c","Dicrostonyx_groenlandicus",0.215757000417507,NA,NA
"835","mammals","3655f396-1633-40e2-ac95-f40b3bde6023","Dipodomys_ordii",0.207906935983491,2,117.6
"836","mammals","95a35f68-b222-4332-8dca-c368856df053","Eptesicus_fuscus",0.151773958366427,3,240
"837","mammals","b48dd106-30d9-43c9-8eaa-c5506fbcdf88","Eumetopias_jubatus",0.681766404428893,2,360
"838","mammals","ad3b5a27-ed20-472f-8255-e449a19076f7","Lasiurus_borealis",0.133232332051393,3,NA
"839","mammals","ba242cb2-98d6-4257-8e02-429381140e75","Lasiurus_cinereus",0.174921018060954,3,25.2
"840","mammals","68fdd39e-143d-49e4-8bf5-016de32fa875","Lemmus_trimucronatus",0.225193446236704,NA,NA
"841","mammals","30be69bd-e49a-4a98-9929-c62ac3345c23","Lepus_americanus",0.390241349951054,1,96
"842","mammals","6c988f44-2363-44f9-b0fb-b7c14048ee7f","Microtus_pennsylvanicus",0.198902133991043,2,11
"843","mammals","4951161e-45b2-4781-9da3-a9f024bec54b","Monodon_monoceros",0.729354024754898,3,480
"844","mammals","d8079e22-55c2-4ebf-8a2d-c6282ff911b9","Ochotona_collaris",0.257752801299474,1,72
"845","mammals","dec15724-e3dd-418e-87a7-b82ce880c512","Odocoileus_hemionus",0.601723453382287,1,264
"846","mammals","40bf67b4-4c09-4411-94fd-06d58f9de2f6","Odocoileus_virginianus",0.595993539699663,1,276
"847","mammals","5ec6f631-f076-47e6-a97e-d320b1e2ba77","Oreamnos_americanus",NA,NA,NA
"848","mammals","584bcb01-8fa3-456a-b0eb-fadd5c8aed82","Ovis_canadensis",0.595108270377585,1,288
"849","mammals","70706e8f-dbb9-4a85-a043-e16a358e5fc1","Ovis_dalli",0.591847671733284,1,192
"850","mammals","fa890ba7-8a08-46ec-9432-0a296be4af9d","Peromyscus_leucopus",NA,NA,NA
"851","mammals","87c293a9-2adc-4fd0-a362-138ba53dd0b5","Peromyscus_maniculatus",0.158833395090585,2,NA
"852","mammals","7ce6e6d2-3eb7-4a25-94bd-1ac971aabf41","Procyon_lotor",0.464606144561492,2,252
"853","mammals","89dd92de-9679-4fb5-a6de-f5f2fc314693","Rangifer_tarandus",0.615231674606371,1,242.4
"854","mammals","e3e18dcc-73b2-47e7-a92b-7cc89b8f58c7","Tamias_minimus",0.199324449689425,2,75.96
"855","mammals","997eabc5-9403-4982-a84f-2f526737d33c","Tamiasciurus_hudsonicus",0.281073660395478,2,144
"856","mammals","d4933138-0aee-4b1d-8f1a-0a368ab812ab","Ursus_americanus",0.615913528235543,1,384
"857","mammals","63e51624-a40f-48e2-8594-74ad9183fcf7","Vulpes_lagopus",0.434077670523547,3,180
"858","mammals","d8559c45-1c3e-484f-8022-90dc9e6f04d4","Vulpes_vulpes",NA,NA,NA
